PathID	ReceptorRound	LigandRound	SBGN-Inhibition	ReceptorSquare	LigandSquare	Receptor	mim-covalent-bond	mim-gap	mim-translocation	SBGN-Production	mim-branching-left	mim-branching-right	SBGN-Catalysis	mim-cleavage	mim-necessary-stimulation	mim-modification	TBar	mim-transcription-translation	mim-binding	mim-inhibition	mim-stimulation	mim-catalysis	mim-conversion	Arrow
WP5352	0	0	0	0	0	0	0	0	0	0	0	0	0	0	0	0	0	0	18	8	18	5	4	10
WP5402	0	0	0	0	0	0	0	0	0	0	0	0	0	0	2	2	0	0	13	6	7	6	3	10
WP5348	0	0	0	0	0	0	0	0	0	0	0	0	0	0	2	0	0	0	29	3	13	6	7	5
WP5406	0	0	0	0	0	0	0	0	0	0	0	0	0	0	0	0	0	0	5	2	10	0	0	1
WP5405	0	0	0	0	0	0	0	0	0	0	0	0	0	0	0	0	0	0	0	2	0	1	1	0
WP4940	0	0	0	0	0	0	0	0	0	0	0	0	0	0	0	0	0	0	4	0	0	0	0	1
WP5407	0	0	0	0	0	0	0	0	0	0	0	0	0	0	1	0	0	0	31	2	5	2	0	12
WP4942	0	0	0	0	0	0	0	0	0	0	0	0	0	0	0	0	0	1	7	5	4	0	0	5
WP5408	0	0	0	0	0	0	0	0	0	0	0	0	0	0	0	0	0	0	10	1	14	8	4	17
WP4950	0	0	0	0	0	0	0	0	0	0	0	0	0	0	0	0	0	0	20	2	7	2	1	1
WP4949	0	0	0	0	0	0	0	0	0	0	0	0	0	0	3	0	1	0	28	6	20	17	17	5
WP5376	0	0	0	0	0	0	0	0	0	0	0	0	0	0	0	0	0	0	18	2	0	5	4	4
WP5287	0	0	0	0	0	0	0	0	0	0	0	0	0	0	1	0	0	98	0	0	0	0	0	0
WP5345	0	0	0	0	0	0	0	0	0	0	0	0	0	1	3	2	1	1	5	12	17	5	6	39
WP4905	0	0	0	0	0	0	0	0	0	0	0	0	0	0	0	0	0	0	13	0	7	5	5	2
WP4657	0	0	0	0	0	0	0	0	0	0	0	0	0	0	0	0	0	8	25	11	25	22	28	22
WP5221	0	0	0	0	0	0	0	0	0	0	0	0	0	3	0	2	0	1	8	2	5	5	3	16
WP5222	0	0	0	0	0	0	0	0	0	0	0	0	0	0	0	0	0	1	14	14	25	9	8	11
WP5223	0	0	0	0	0	0	0	0	0	0	0	0	0	0	0	0	0	1	3	3	4	4	3	7
WP5224	0	0	0	0	0	0	1	0	0	0	0	0	0	1	0	3	0	16	20	17	38	44	20	43
WP4906	0	0	0	0	0	0	0	0	0	0	0	0	0	0	0	0	0	0	22	2	5	16	17	4
WP3879	0	0	0	0	0	0	0	0	0	0	0	0	0	0	0	0	0	0	0	0	0	0	0	38
WP5365	0	0	0	0	0	0	0	0	0	0	0	0	0	0	2	0	0	2	5	3	5	9	9	9
WP5380	0	0	0	0	0	0	0	0	0	0	0	0	0	0	2	0	0	0	35	11	23	11	16	17
WP5400	0	0	0	0	0	0	0	0	0	0	0	0	0	0	0	0	0	0	4	2	7	0	0	0
WP5064	0	0	0	0	0	0	0	0	0	0	0	0	0	0	0	0	0	0	2	0	0	35	48	0
WP4932	0	0	0	0	0	0	2	0	0	0	0	0	0	0	1	2	0	5	38	9	16	14	8	11
WP5401	0	0	0	0	0	0	0	0	0	0	0	0	0	0	0	0	0	0	5	3	6	4	4	4
WP5346	0	0	0	0	0	0	0	0	0	0	0	0	0	1	0	0	0	0	14	7	27	10	11	13
WP5412	0	0	0	0	0	0	0	0	0	0	0	0	0	0	0	0	0	1	2	3	8	0	0	0
WP5343	0	0	0	0	0	0	0	0	0	0	0	0	0	0	0	0	0	0	3	3	2	0	17	11
WP5035	0	0	0	0	0	0	0	0	0	0	0	0	0	0	0	0	0	0	0	0	0	0	0	14
WP554	0	0	0	0	0	0	0	0	0	0	0	0	0	0	0	0	0	2	6	3	0	9	9	8
WP528	0	0	0	0	0	0	0	0	0	0	0	0	0	0	0	0	0	0	0	0	0	6	0	12
WP5104	0	0	0	0	0	0	0	0	0	0	0	0	0	3	0	0	0	2	6	0	2	5	12	8
WP4233	0	0	0	0	0	0	0	0	0	0	0	0	0	0	0	0	0	0	0	0	0	1	0	13
WP4876	0	0	0	0	0	0	0	0	0	0	0	0	0	0	0	0	0	1	0	1	2	1	3	4
WP5293	0	0	0	0	0	0	0	0	0	0	0	0	0	0	0	0	0	13	0	7	0	0	0	31
WP4298	0	0	0	0	0	0	0	0	0	0	0	0	0	0	0	0	0	6	10	6	46	1	58	54
WP5420	0	0	0	0	0	0	0	1	0	0	0	0	0	2	9	50	2	0	16	45	47	221	297	80
WP236	0	0	0	0	0	0	0	0	0	0	0	0	0	0	0	0	0	0	0	0	0	0	0	1
WP4629	0	0	0	0	0	0	0	0	0	0	0	0	0	0	0	0	0	0	0	0	3	17	32	10
WP5356	0	0	0	0	0	0	0	0	0	0	0	0	0	0	0	3	6	0	4	12	119	3	7	5
WP699	0	0	0	0	0	0	0	0	0	0	0	0	0	0	0	0	0	0	0	0	0	0	0	25
WP2324	0	0	0	0	0	0	0	0	0	0	0	0	0	1	0	0	0	0	0	2	0	0	15	95
WP4962	0	0	0	0	0	0	0	0	0	0	0	0	0	0	0	0	0	1	1	1	14	2	11	1
WP5136	0	0	0	0	0	0	0	0	0	0	0	0	0	0	0	0	0	0	0	0	0	8	13	0
WP106	0	0	0	0	0	0	0	0	0	0	0	0	0	0	0	0	0	0	0	0	0	33	0	70
WP2328	0	0	0	0	0	0	0	0	0	0	0	0	0	0	0	0	0	0	0	9	0	0	0	77
WP244	0	0	0	0	0	0	0	0	0	0	0	0	0	0	0	0	0	0	0	0	0	0	0	23
WP5202	0	0	0	0	0	0	0	0	0	0	0	0	0	0	0	0	0	1	18	0	6	1	3	11
WP4480	0	0	0	0	0	0	0	0	0	0	0	0	0	0	0	0	0	0	0	0	0	0	1	6
WP4524	0	0	0	0	0	0	0	0	0	0	0	0	0	0	0	5	0	0	0	0	0	24	30	0
WP2059	0	0	0	0	0	0	0	0	0	0	0	0	0	1	0	0	15	0	3	12	0	11	2	122
WP5124	0	0	0	0	0	0	0	0	0	0	0	0	0	1	0	0	5	0	3	12	0	11	2	121
WP521	0	0	0	0	0	0	0	0	0	0	0	0	0	0	0	0	0	0	0	0	0	2	6	2
WP715	0	0	0	0	0	0	0	0	0	0	0	0	0	0	0	0	0	0	0	0	0	0	6	0
WP5213	0	0	0	0	0	0	0	0	0	0	0	0	0	0	0	0	0	0	0	3	0	12	4	18
WP4661	0	0	0	0	0	0	0	0	0	0	0	0	0	0	0	0	0	0	0	0	0	6	17	0
WP3925	0	0	0	0	0	0	0	0	0	0	0	0	0	0	0	0	0	0	0	1	1	102	0	178
WP5029	0	0	0	0	0	0	0	0	0	0	0	0	0	0	0	0	0	0	3	0	1	8	0	0
WP1403	0	0	0	0	0	0	0	0	0	0	0	0	0	0	0	0	1	1	0	15	0	0	0	43
WP3678	0	0	0	0	0	0	0	0	0	0	0	0	0	0	0	0	0	0	0	1	0	0	0	22
WP2447	0	0	0	0	0	0	0	0	0	0	0	0	0	0	0	0	2	0	0	6	0	2	7	51
WP2263	0	0	0	1	0	0	0	0	0	0	0	0	0	0	0	3	7	11	5	12	37	13	0	46
WP138	0	0	0	0	0	0	0	0	0	0	0	0	0	0	0	0	0	5	0	1	0	0	0	81
WP1539	0	0	0	0	0	0	0	0	0	0	0	0	0	1	0	0	0	1	1	3	0	1	0	21
WP3915	0	0	0	0	0	0	0	0	0	0	0	0	0	0	2	0	15	0	0	1	0	3	4	63
WP5036	0	0	0	0	0	0	0	0	0	0	0	0	0	0	1	0	0	0	6	1	1	2	3	37
WP5113	0	0	0	0	0	0	0	0	0	0	0	0	0	2	0	0	5	4	0	1	0	2	2	28
WP3926	0	0	0	0	0	0	0	0	0	0	0	0	0	0	0	0	0	3	4	1	0	0	4	5
WP2864	0	0	0	0	0	0	0	0	0	0	0	0	0	0	0	0	0	0	0	0	0	0	0	36
WP1772	0	0	0	0	0	0	0	0	0	0	0	0	0	0	0	0	20	0	0	0	0	0	0	67
WP384	0	0	0	0	0	0	0	0	0	0	0	0	0	0	0	0	3	0	0	0	0	0	0	22
WP254	0	0	0	0	0	0	0	0	0	0	0	0	0	0	0	0	13	0	0	0	2	0	0	49
WP678	0	0	0	0	0	0	0	0	0	0	0	0	0	0	0	0	0	0	0	0	0	9	0	9
WP5155	0	0	0	0	0	0	0	0	0	0	0	0	0	0	0	0	0	0	0	0	0	22	57	28
WP2640	0	0	0	0	0	0	0	0	0	0	0	0	0	0	0	0	0	0	0	0	0	2	1	1
WP2118	0	0	0	0	0	0	0	0	0	0	0	0	0	0	0	0	0	0	0	0	0	0	0	30
WP5233	0	0	0	0	0	0	0	0	0	0	0	0	0	0	0	0	0	0	0	3	0	3	5	23
WP5441	0	0	0	0	0	0	0	0	0	0	0	0	0	0	0	0	0	0	0	2	1	0	0	6
WP2586	0	0	0	0	0	0	0	0	0	0	0	0	0	0	0	1	9	10	2	2	0	0	9	61
WP2873	0	0	0	0	0	0	0	0	0	0	0	0	0	0	0	0	0	0	0	2	0	0	0	11
WP694	0	0	0	0	0	0	0	0	0	0	0	0	0	0	0	0	0	0	0	0	0	9	9	3
WP4707	0	0	0	0	0	0	0	0	0	0	0	0	0	0	0	0	0	0	0	33	0	0	0	1
WP3878	0	0	0	0	0	0	0	0	0	0	0	0	0	0	0	0	0	0	0	5	1	0	0	26
WP2516	0	0	0	0	0	0	0	0	0	0	0	0	0	0	0	0	0	0	0	9	41	0	18	6
WP3875	0	0	0	0	0	0	0	0	0	0	0	0	0	0	0	0	0	0	0	0	0	0	0	11
WP5331	0	0	0	0	0	0	0	0	0	0	0	0	0	0	0	0	8	0	2	0	16	0	0	0
WP4923	0	0	0	0	0	0	0	0	0	0	0	0	0	0	0	0	0	0	2	3	0	0	14	0
WP4788	0	0	0	0	0	0	0	0	3	0	0	0	0	0	0	0	0	0	2	2	1	3	1	0
WP23	0	0	0	0	0	0	0	0	0	0	0	0	0	0	0	0	1	7	0	0	0	0	0	143
WP5234	0	0	0	0	0	0	0	0	0	0	0	0	0	0	0	0	0	3	20	6	40	0	4	1
WP4752	0	0	0	0	0	0	0	0	0	0	0	0	0	0	0	0	0	0	0	0	0	11	0	10
WP3676	0	0	0	0	0	0	0	0	0	0	0	0	0	0	0	0	0	2	0	2	0	0	0	33
WP3891	0	0	0	0	0	0	0	0	0	0	0	0	0	0	0	0	0	0	0	0	0	9	12	1
WP696	0	0	0	0	0	0	0	0	0	0	0	0	0	0	0	0	0	0	0	0	0	10	0	19
WP4389	0	0	0	0	0	0	0	0	0	0	0	0	0	0	0	0	0	0	2	2	0	5	1	10
WP3604	0	0	0	0	0	0	0	0	0	0	0	0	0	0	0	0	0	0	0	0	0	0	0	550
WP550	0	0	0	0	0	0	0	0	0	0	0	0	0	0	0	0	0	0	0	0	0	15	0	15
WP4584	0	0	0	0	0	0	0	0	0	0	0	0	0	0	0	0	0	0	0	0	0	18	30	8
WP4583	0	0	0	0	0	0	0	0	0	0	0	0	0	0	0	0	0	0	0	0	1	8	15	18
WP4156	0	0	0	0	0	0	0	0	0	0	0	0	0	0	0	3	0	0	0	0	0	34	37	1
WP5179	0	0	0	0	0	0	0	0	0	0	0	0	0	0	0	0	0	0	0	0	0	7	18	1
WP5031	0	0	0	0	0	0	0	0	1	0	0	0	0	0	0	0	0	0	1	0	0	14	22	5
WP2828	0	0	0	0	0	0	0	0	0	0	0	0	0	0	0	0	6	14	1	0	0	0	6	33
WP4580	0	0	0	0	0	0	0	0	0	0	0	0	0	0	0	0	0	0	0	3	0	4	6	5
WP272	0	0	0	0	0	0	0	0	0	0	0	0	0	0	0	0	0	0	0	3	0	10	0	21
WP3876	0	0	0	0	0	0	0	0	0	0	0	0	0	0	0	0	0	0	0	1	0	1	0	8
WP3927	0	0	0	0	0	0	0	0	0	0	0	0	0	0	0	0	0	0	0	4	0	0	0	28
WP1425	0	0	0	0	0	0	0	0	0	0	0	0	0	0	0	0	0	1	0	5	0	0	0	7
WP2380	0	0	0	0	0	0	0	0	0	0	0	0	0	0	0	0	2	5	0	6	0	0	0	220
WP4262	0	0	0	0	0	0	0	0	0	0	0	0	0	0	0	10	0	6	6	3	0	1	0	40
WP5055	0	0	0	0	0	0	0	0	0	0	0	0	0	0	0	0	0	0	1	41	1	0	0	43
WP2366	0	0	0	0	0	0	0	0	0	0	0	0	0	0	0	0	0	0	0	0	0	0	7	5
WP3633	0	0	0	0	0	0	0	0	0	0	0	0	0	0	0	0	0	0	0	0	0	8	12	1
WP5142	0	0	0	0	0	0	0	0	0	0	0	0	0	0	0	0	0	0	5	2	15	2	4	4
WP536	0	0	0	0	0	0	0	0	0	0	0	0	0	0	0	0	3	0	3	0	16	1	0	52
WP4191	0	0	0	0	0	0	0	0	0	0	0	0	0	0	0	0	0	0	0	4	13	0	2	1
WP4874	0	0	0	0	0	0	0	2	0	0	0	0	0	0	0	0	6	91	0	3	0	0	0	59
WP4582	0	0	0	0	0	0	0	0	0	0	0	0	0	0	0	0	0	0	3	4	0	0	2	2
WP4585	0	0	0	0	0	0	0	0	0	0	0	0	0	0	0	0	0	0	4	5	0	0	0	10
WP3869	0	0	0	0	0	0	0	0	0	0	0	0	0	0	0	0	0	0	8	5	8	8	9	0
WP3845	0	0	0	0	0	0	0	0	0	0	0	0	0	0	0	1	0	0	1	0	0	0	0	10
WP3874	0	0	0	0	0	0	0	0	0	0	0	0	0	0	0	0	0	0	2	2	0	0	0	10
WP4562	0	0	0	0	0	0	0	0	0	0	0	0	0	0	0	0	0	0	0	0	2	0	4	0
WP2795	0	0	0	0	0	0	0	0	0	0	0	0	0	0	0	0	0	0	0	9	0	0	0	67
WP2406	0	0	0	0	0	0	0	0	0	0	0	0	0	0	0	0	7	0	0	0	0	0	0	11
WP5344	0	0	0	0	0	0	0	0	0	0	0	0	0	0	0	1	0	0	9	0	13	3	3	14
WP5313	0	0	0	0	0	0	0	0	0	0	0	0	0	0	0	0	0	0	0	0	4	11	4	4
WP688	0	0	0	0	0	0	0	0	0	0	0	0	0	0	0	0	0	0	0	0	0	0	0	13
WP5097	0	0	0	0	0	0	0	0	0	0	0	0	0	0	0	0	0	37	0	3	0	0	0	150
WP3679	0	0	0	0	0	0	0	0	0	0	0	0	0	0	0	0	1	0	0	7	0	1	0	20
WP179	0	0	0	0	0	0	0	0	0	0	0	0	0	0	0	0	24	0	0	11	0	0	0	40
WP2023	0	0	0	0	0	0	0	0	0	0	0	0	0	0	0	0	0	0	0	44	0	0	2	50
WP2029	0	0	0	0	0	0	0	0	0	0	0	0	0	0	0	0	0	0	0	28	0	0	1	42
WP5284	0	0	0	0	0	0	0	0	0	0	0	0	0	0	0	0	0	0	19	0	0	0	1	10
WP5417	0	0	0	0	0	0	0	0	0	0	0	0	0	0	0	0	0	0	0	0	0	0	0	0
WP4561	0	0	0	0	0	0	0	0	0	0	0	0	0	0	0	1	0	0	13	1	0	0	0	4
WP4493	0	0	0	0	0	0	0	0	0	0	0	0	0	0	0	0	0	0	0	0	0	0	0	29
WP4918	0	0	0	0	0	0	0	0	0	0	0	0	0	0	0	0	0	0	0	0	0	12	1	12
WP4519	0	0	0	0	0	0	0	0	0	0	0	0	0	0	0	0	0	0	0	0	0	9	24	6
WP3929	0	0	0	0	0	0	0	0	0	0	0	0	0	0	0	0	0	4	0	3	6	0	0	53
WP5238	0	0	0	0	0	0	0	0	0	0	0	0	0	0	0	0	0	2	0	1	14	1	3	2
WP5329	0	0	0	0	0	0	0	0	0	0	0	0	0	0	0	33	0	0	0	1	0	47	24	69
WP197	0	0	0	0	0	0	0	0	0	0	0	0	0	0	0	0	0	0	0	0	0	14	16	2
WP4804	0	0	0	0	0	0	0	0	0	0	0	0	0	0	0	0	0	0	0	0	0	21	19	4
WP4718	0	0	0	0	0	0	0	0	0	0	0	0	0	0	0	0	0	0	0	6	9	54	21	42
WP5304	0	0	0	0	0	0	0	0	0	0	0	0	0	0	0	1	0	0	5	0	5	119	52	126
WP5193	0	0	0	0	0	0	0	0	0	0	0	0	0	0	0	0	0	0	0	0	0	19	20	21
WP4216	0	0	0	0	0	0	0	0	0	0	0	0	0	0	0	0	0	4	2	3	0	1	5	29
WP5283	0	0	0	0	0	0	0	0	0	0	0	0	0	0	0	0	0	0	1	6	0	5	2	45
WP4352	0	0	0	0	0	0	0	0	0	0	0	0	0	0	0	0	0	0	0	0	0	0	0	0
WP4803	0	0	0	0	0	0	0	0	0	0	0	0	0	0	0	0	0	0	0	0	0	0	0	0
WP3594	0	0	0	0	0	0	0	0	0	0	0	0	0	0	0	0	0	0	0	0	0	0	0	0
WP5322	0	0	0	0	0	0	0	0	0	0	0	0	0	0	0	0	2	34	0	6	0	0	18	48
WP4523	0	0	0	0	0	0	0	0	0	0	0	0	0	0	0	0	0	0	0	0	5	38	31	10
WP4018	0	0	0	0	0	0	0	0	0	0	0	0	0	0	0	0	0	2	0	7	0	0	2	30
WP5205	0	0	0	0	0	0	0	0	0	0	0	0	0	0	0	0	0	0	4	45	0	2	1	69
WP2826	0	0	0	0	0	0	0	0	0	0	0	0	0	0	0	0	0	0	0	0	0	11	25	0
WP1604	0	0	0	0	0	0	0	0	0	0	0	0	0	0	0	0	0	0	0	0	0	13	3	10
WP5117	0	0	0	0	0	0	0	0	0	0	0	0	0	0	0	0	0	0	5	3	0	15	16	5
WP2536	0	0	0	0	0	0	0	0	0	0	0	0	0	0	0	0	0	0	0	1	0	2	0	2
WP2636	0	0	0	0	0	0	0	0	0	0	0	0	0	0	0	0	0	2	0	6	0	0	0	44
WP5148	0	0	0	0	0	0	0	0	0	0	0	0	0	0	0	0	0	0	8	0	12	0	2	1
WP545	0	0	0	0	0	0	0	0	0	0	0	0	0	0	0	0	1	0	10	0	0	0	0	11
WP558	0	0	0	0	0	0	0	0	0	0	0	0	0	0	0	0	16	0	0	0	1	0	0	49
WP5090	0	0	0	0	0	0	0	0	0	0	0	0	0	0	0	0	0	3	23	22	48	17	22	18
WP2806	0	0	0	0	0	0	0	0	0	0	0	0	0	0	0	17	0	0	452	0	0	43	17	6
WP5101	0	0	0	0	0	0	0	0	0	0	0	0	0	0	0	0	0	1	5	1	7	7	3	10
WP2875	0	0	0	0	0	0	0	0	0	0	0	0	0	0	0	0	0	0	1	0	0	0	2	1
WP4484	0	0	0	0	0	0	0	0	0	0	0	0	0	0	0	0	0	0	0	1	0	0	0	11
WP4818	0	0	0	0	0	0	0	0	0	0	0	0	0	0	0	0	0	0	0	0	0	6	3	0
WP3286	0	0	0	0	0	0	0	0	0	0	0	0	0	1	0	0	9	0	0	0	0	0	0	17
WP5189	0	0	0	0	0	0	0	0	0	0	0	0	0	0	0	0	0	0	0	0	0	8	0	7
WP1946	0	0	0	0	0	0	0	0	0	0	0	0	0	0	0	1	0	0	2	0	0	25	16	20
WP2355	0	0	0	0	0	0	0	0	0	0	0	0	0	0	0	0	2	28	0	5	0	0	1	129
WP4927	0	0	0	0	0	0	0	0	0	0	0	0	0	0	0	0	0	3	10	6	0	4	7	5
WP4891	0	0	0	0	0	0	0	0	0	0	0	0	0	0	0	0	0	0	0	0	0	0	1	0
WP5256	0	0	0	0	0	0	0	0	0	0	0	0	0	0	0	0	0	0	0	0	0	0	1	8
WP5145	0	0	0	0	0	0	0	0	0	0	0	0	0	2	0	0	0	0	0	1	0	0	0	27
WP5190	0	0	0	0	0	0	0	0	0	0	0	0	0	0	0	0	0	0	0	0	1	9	23	10
WP4504	0	0	0	0	0	0	0	0	0	0	0	0	0	0	0	0	0	0	0	0	0	22	45	4
WP530	1	1	0	0	0	0	0	0	0	0	0	0	0	0	0	0	2	0	0	0	0	0	0	33
WP477	0	0	0	0	0	0	0	0	0	0	0	0	0	0	0	0	0	0	0	0	0	0	0	1
WP3585	0	0	0	0	0	0	0	0	0	0	0	0	0	0	0	0	0	0	3	6	1	8	8	0
WP4655	0	0	0	0	0	0	0	0	0	0	0	0	0	0	0	0	0	2	1	6	0	2	2	20
WP2942	0	0	0	0	0	0	0	0	0	0	0	0	0	0	0	0	0	0	0	1	0	1	0	5
WP4153	0	0	0	0	0	0	0	0	0	0	0	0	0	0	0	0	0	0	0	0	0	15	14	0
WP2291	0	0	0	0	0	0	0	0	0	0	0	0	0	0	0	0	0	0	0	1	0	0	0	20
WP3893	0	0	0	0	0	0	0	0	0	0	0	0	0	0	0	0	0	0	0	0	0	0	0	36
WP3892	0	0	0	0	0	0	0	0	0	0	0	0	0	0	0	0	0	0	0	0	0	0	0	20
WP5053	0	0	0	0	0	0	0	0	0	0	0	0	0	0	0	0	0	0	12	4	22	0	1	0
WP2491	0	0	0	0	0	0	0	0	0	0	0	0	0	0	0	0	0	0	0	0	0	5	5	0
WP5219	0	0	0	0	0	0	0	1	0	0	0	0	0	0	0	0	0	0	0	0	0	12	12	10
WP2895	0	0	0	0	0	0	0	0	0	0	0	0	0	0	0	0	0	0	0	1	11	0	4	0
WP4931	0	0	0	0	0	0	0	0	0	0	0	0	0	0	0	0	0	0	0	0	0	2	2	0
WP5195	0	0	0	0	0	0	0	0	0	0	0	0	0	0	0	0	0	0	0	0	0	5	16	5
WP5175	0	0	0	0	0	0	0	0	0	0	0	0	0	0	0	0	0	0	0	0	0	5	19	17
WP5176	0	0	0	0	0	0	0	0	0	0	0	0	0	0	0	0	0	0	0	0	0	49	46	55
WP4259	0	0	0	0	0	0	0	0	0	0	0	0	0	0	0	0	0	0	0	0	0	22	36	6
WP5178	0	0	0	0	0	0	0	0	0	0	0	0	0	0	0	0	0	0	0	0	0	16	18	31
WP5173	0	0	0	0	0	0	0	0	0	0	0	0	0	0	0	0	0	0	0	0	0	16	13	17
WP4875	0	0	0	0	0	0	0	0	0	0	0	0	0	0	0	0	0	2	5	0	3	0	0	1
WP5389	0	0	0	0	0	0	0	0	0	0	0	0	0	0	0	0	0	0	0	0	0	0	0	5
WP710	0	0	0	0	0	0	0	0	0	0	0	0	0	0	0	0	15	0	1	0	0	1	0	69
WP707	0	0	0	0	0	0	0	0	0	0	0	0	0	0	0	0	22	0	0	0	0	0	0	76
WP4016	0	0	0	0	0	0	0	0	0	0	0	0	0	0	0	0	0	0	2	15	85	31	0	51
WP3959	0	0	0	0	0	0	0	0	0	0	0	0	0	0	0	0	0	0	0	13	67	14	3	46
WP531	0	0	0	0	0	0	0	0	0	0	0	0	0	0	0	0	0	0	0	1	0	0	0	4
WP4946	0	0	0	0	0	0	0	0	0	0	0	0	0	0	0	0	0	0	0	0	0	0	0	0
WP466	0	0	0	0	0	0	0	0	0	0	0	0	0	0	0	0	0	0	0	0	0	0	0	55
WP5154	0	0	0	0	0	0	0	0	0	0	0	0	0	0	0	0	0	0	0	0	0	25	20	33
WP2436	0	0	0	0	0	0	0	0	0	0	0	0	0	0	0	0	0	0	0	1	2	14	33	0
WP2855	0	0	0	0	0	0	0	0	0	0	0	0	0	0	0	0	6	0	0	0	0	0	0	42
WP4799	0	0	0	0	0	0	0	0	0	0	0	0	0	0	0	0	0	0	0	3	0	0	1	3
WP5200	0	0	0	0	0	0	0	0	0	0	0	0	0	0	0	0	0	1	2	3	15	7	2	2
WP2289	0	0	0	0	0	0	0	0	0	0	0	0	0	0	0	0	10	0	0	0	0	0	1	12
WP3300	0	0	0	0	0	0	0	0	0	0	0	0	0	0	0	0	0	0	0	0	0	0	0	2
WP5180	0	0	0	0	0	0	0	0	0	0	0	0	0	2	2	0	0	4	5	11	25	23	19	12
WP4217	0	0	0	0	3	3	0	0	0	0	0	0	0	0	0	0	0	3	42	16	30	0	4	64
WP262	0	0	0	0	0	0	0	0	0	0	0	0	0	0	0	0	0	0	0	0	0	0	0	16
WP2858	0	0	0	0	0	0	0	0	0	0	0	0	0	0	0	0	0	13	0	10	0	0	0	10
WP3930	0	0	0	0	0	0	0	0	0	0	0	0	0	0	0	0	0	0	3	2	0	0	0	7
WP5273	0	0	0	0	0	0	0	0	0	0	0	0	0	0	0	0	0	0	0	4	9	1	0	3
WP4320	0	0	0	0	0	0	0	0	0	0	0	0	0	0	0	0	0	0	6	10	9	1	2	12
WP1995	0	0	0	0	0	0	0	0	0	0	0	0	0	0	0	0	0	0	0	2	0	7	4	10
WP437	0	0	0	0	0	0	0	0	0	0	0	0	0	0	0	0	1	4	0	8	0	0	0	243
WP4806	0	0	0	0	0	0	0	0	0	0	0	0	0	0	0	8	2	1	5	12	0	0	0	63
WP4719	0	0	0	0	0	0	0	0	0	0	0	0	0	0	0	0	0	0	0	0	10	29	16	23
WP4720	0	0	0	0	0	0	0	0	0	0	0	0	0	0	0	0	0	0	0	0	4	14	0	12
WP4721	0	0	0	0	0	0	0	0	0	0	0	0	0	0	0	0	0	0	0	0	10	43	7	46
WP167	0	0	0	0	0	0	0	0	0	0	0	0	0	0	0	0	0	0	0	0	0	24	29	2
WP3302	0	0	0	0	0	0	0	0	0	0	0	0	0	0	0	0	0	0	0	2	0	0	0	6
WP111	0	0	0	0	0	0	0	0	0	0	0	0	0	0	0	0	0	0	0	0	0	7	0	20
WP3931	0	0	0	0	0	0	0	0	0	0	0	0	0	0	0	0	10	3	3	0	0	0	0	41
WP4808	0	0	0	0	0	0	0	0	0	0	0	0	0	0	0	0	0	0	0	24	0	0	0	86
WP474	0	0	0	0	0	0	0	0	0	0	0	0	0	0	0	0	0	0	0	24	0	0	0	69
WP2853	0	0	0	0	0	0	0	0	0	0	0	0	0	0	0	0	0	21	0	13	2	0	0	7
WP4155	0	0	0	0	0	0	0	0	0	0	0	0	0	0	0	0	0	2	2	10	0	0	5	20
WP4861	0	0	0	0	0	0	0	0	0	0	0	0	0	0	0	0	0	2	0	7	3	5	8	24
WP2197	0	0	0	0	0	0	0	0	0	0	0	0	0	0	0	0	0	2	3	8	31	8	20	25
WP1541	0	0	0	0	0	0	0	0	0	0	0	0	0	0	0	0	4	12	5	0	0	2	0	22
WP5333	0	0	0	0	0	0	0	0	0	0	0	0	0	0	0	0	0	0	1	0	1	53	19	48
WP5396	0	0	0	0	0	0	0	0	0	0	0	0	0	0	0	0	0	0	0	0	0	39	23	7
WP4535	0	0	0	0	0	0	0	0	0	0	0	0	0	0	0	0	0	0	18	0	10	0	0	1
WP5440	0	0	0	0	0	0	0	0	0	0	0	0	0	0	0	0	2	0	0	0	4	0	0	0
WP4239	0	0	0	0	0	0	0	0	0	0	0	0	0	0	0	10	0	13	5	10	0	9	9	30
WP581	0	0	0	0	0	0	0	0	0	0	0	0	0	0	0	0	0	0	0	2	0	0	0	11
WP673	0	0	0	0	0	0	0	0	0	0	0	0	0	0	0	0	16	0	12	0	0	0	0	71
WP3853	0	0	0	0	0	0	0	0	0	0	0	0	0	0	0	0	0	0	0	2	1	0	0	12
WP5235	0	0	0	0	0	0	0	0	0	0	0	0	0	0	0	0	0	1	0	2	5	0	0	5
WP5276	0	0	0	0	0	0	0	0	0	0	0	0	0	0	0	0	0	0	0	0	0	28	28	0
WP697	0	0	0	0	0	0	0	0	0	0	0	0	0	0	0	0	0	0	0	1	0	32	34	16
WP2881	0	0	0	0	0	0	0	0	0	0	0	0	0	0	0	0	0	0	0	0	0	0	0	7
WP712	0	0	0	0	0	0	0	0	0	0	0	0	0	0	0	0	2	0	0	0	0	0	0	36
WP3996	0	0	0	0	0	0	0	2	0	0	0	0	0	0	0	0	0	0	0	4	0	14	23	2
WP4269	0	0	0	0	0	0	0	0	0	0	0	0	0	0	0	0	0	0	0	5	0	1	1	10
WP5275	0	0	0	0	0	0	0	0	0	0	0	0	0	0	2	0	0	0	0	0	1	17	20	9
WP5030	0	0	0	0	0	0	0	0	0	0	0	0	0	0	0	0	0	0	0	0	0	6	13	0
WP405	0	0	0	0	0	0	0	0	0	0	0	0	0	0	0	0	0	0	0	0	0	0	0	9
WP3297	0	0	0	0	0	0	0	0	0	0	0	0	0	0	0	0	4	0	0	0	0	0	0	19
WP3408	0	0	0	0	0	0	0	0	0	0	0	0	0	0	0	0	0	0	3	0	0	0	9	0
WP410	0	0	0	0	0	0	0	0	0	0	0	0	0	0	0	0	0	0	0	1	0	0	0	5
WP2805	0	0	0	0	0	0	0	0	0	0	0	0	0	0	0	0	0	0	0	1	0	0	0	16
WP2870	0	0	0	0	0	0	0	0	0	0	0	0	0	0	0	0	0	0	0	0	0	0	0	17
WP4300	0	0	0	0	0	0	0	0	0	0	0	0	0	0	0	0	0	0	0	9	0	0	0	18
WP5218	0	0	0	0	0	0	0	0	0	0	0	0	0	0	13	9	10	0	8	9	24	0	14	59
WP4400	0	0	0	0	0	0	0	0	0	0	0	0	0	0	0	0	0	0	0	4	0	0	1	0
WP3850	0	0	0	0	0	0	0	0	0	0	0	0	0	0	0	0	0	0	0	14	0	0	0	33
WP5108	0	0	0	0	0	0	0	0	0	0	0	0	0	0	0	0	0	0	0	1	2	11	11	7
WP5109	0	0	0	0	0	0	0	0	0	0	0	0	0	0	0	0	0	0	1	2	2	9	9	3
WP5110	0	0	0	0	0	0	0	0	0	0	0	0	0	0	0	0	0	0	3	0	1	8	8	8
WP5111	0	0	0	0	0	0	0	0	0	0	0	0	0	0	0	0	0	0	1	1	3	13	12	7
WP5112	0	0	0	0	0	0	0	0	0	0	0	0	0	0	0	0	0	0	1	0	3	12	11	6
WP5102	0	0	0	0	0	0	0	0	0	0	0	0	0	0	0	0	0	6	2	3	4	5	10	3
WP2879	0	0	0	0	0	0	0	0	0	0	0	0	0	0	0	0	0	0	0	1	0	0	0	4
WP5274	0	0	0	0	0	0	0	0	0	0	0	0	0	0	0	0	0	0	0	0	0	1	7	2
WP314	0	0	0	0	0	0	0	0	0	0	0	0	0	0	0	0	7	0	0	0	0	0	0	47
WP143	0	0	0	0	0	0	0	0	0	0	0	0	0	0	0	0	0	0	0	0	0	49	35	24
WP357	0	0	0	0	0	0	0	0	0	0	0	0	0	0	0	0	0	0	0	0	0	18	1	23
WP206	0	0	0	0	0	0	0	0	0	0	0	0	0	0	0	0	0	0	0	0	0	3	3	1
WP5061	0	0	0	0	0	0	0	0	0	0	0	0	0	0	0	0	0	0	119	0	0	0	17	0
WP5323	0	0	0	0	0	0	0	0	0	0	0	0	0	0	0	1	1	0	3	0	0	36	15	26
WP4553	0	0	0	0	0	0	0	0	0	0	0	0	0	0	0	0	0	0	0	5	0	0	0	4
WP2816	0	0	0	0	0	0	0	0	0	0	0	0	0	0	0	0	0	0	0	0	0	4	6	0
WP5318	0	0	0	0	0	0	0	0	0	0	0	0	0	0	0	0	0	4	6	3	24	4	3	35
WP4313	0	0	0	0	0	0	0	0	0	0	0	0	0	0	0	0	0	1	2	16	7	28	9	40
WP4790	0	0	0	0	0	0	0	0	0	0	0	0	0	0	0	0	2	0	0	29	12	2	20	0
WP4767	0	0	0	0	0	0	0	0	0	0	0	0	0	0	0	0	0	0	1	10	0	1	15	10
WP5428	0	0	0	0	0	0	0	0	0	0	0	0	0	0	0	0	1	0	0	0	0	0	0	2
WP4136	0	0	0	0	0	0	0	0	0	0	0	0	0	0	0	0	0	3	2	0	0	7	4	24
WP4238	0	0	0	0	0	0	0	0	0	0	0	0	0	0	0	0	0	0	0	0	0	12	123	0
WP4966	0	0	0	0	0	0	0	0	0	0	0	0	0	0	0	0	0	0	0	1	0	5	6	0
WP1601	0	0	0	0	0	0	0	0	0	0	0	0	0	0	0	0	1	0	0	1	1	18	20	12
WP3932	0	0	0	0	0	0	0	0	0	0	0	0	0	0	0	0	23	0	0	3	0	0	0	71
WP306	0	0	0	0	0	0	0	0	0	0	0	0	0	0	0	0	11	4	0	0	0	0	0	70
WP1589	0	0	0	0	0	0	0	0	0	0	0	0	0	0	0	0	1	0	0	0	0	8	13	17
WP176	0	0	0	0	0	0	0	0	0	0	0	0	0	0	0	0	0	0	13	10	50	26	25	135
WP2035	0	0	0	0	0	0	0	0	0	0	0	0	0	0	0	0	1	5	0	1	0	0	2	39
WP5066	0	0	0	0	0	0	0	0	0	0	0	0	0	0	0	0	0	0	2	3	8	1	1	1
WP5063	0	0	0	0	0	0	0	0	0	0	0	0	0	0	0	0	0	2	6	6	8	0	0	2
WP4549	0	0	0	0	0	0	0	0	0	0	0	0	0	2	3	13	0	38	35	12	17	23	19	19
WP5091	0	0	0	0	0	0	0	0	0	0	0	0	0	0	0	0	0	0	0	0	0	0	0	7
WP3407	0	0	0	0	0	0	0	0	0	0	0	0	0	0	0	0	0	0	1	2	0	0	0	4
WP524	0	0	0	0	0	0	0	0	0	0	0	0	0	0	0	0	0	0	0	1	0	0	0	28
WP45	0	0	0	0	0	0	0	0	0	0	0	0	0	0	0	0	5	1	0	0	0	5	0	18
WP35	0	0	0	0	0	0	0	0	0	0	0	0	0	0	0	0	2	0	0	0	0	0	0	22
WP4157	0	0	0	0	0	0	0	0	0	0	0	0	0	0	0	0	0	0	0	0	0	21	27	6
WP4159	0	0	0	0	0	0	0	0	0	0	0	0	0	0	0	1	0	6	0	3	26	5	7	25
WP4970	0	0	0	0	0	0	0	0	0	0	0	0	0	0	0	0	0	14	2	5	6	0	11	99
WP4518	0	0	0	0	0	0	0	0	0	0	0	0	0	0	0	0	0	0	0	0	0	6	13	0
WP5299	0	0	0	0	0	0	0	0	0	0	0	0	0	0	0	0	0	0	0	0	0	21	28	0
WP1423	0	0	0	0	0	0	0	0	0	0	0	0	0	0	0	0	0	0	0	0	0	34	0	34
WP2596	0	0	0	0	0	0	0	0	0	0	0	0	0	0	0	0	0	0	0	1	13	0	1	6
WP2361	0	0	0	0	0	0	0	0	0	0	0	0	0	0	0	0	0	0	0	2	0	0	0	59
WP2363	0	0	0	0	0	0	0	0	0	0	0	0	0	0	0	0	0	0	0	1	0	0	0	38
WP4659	0	0	0	0	0	0	0	0	0	0	0	0	0	0	0	0	2	32	0	6	0	0	0	152
WP4830	0	0	0	0	0	0	0	0	0	0	0	0	0	0	0	0	1	0	2	6	7	0	0	2
WP5143	0	0	0	0	0	0	0	0	0	0	0	0	0	0	0	0	0	33	0	7	0	0	0	272
WP2854	0	0	0	0	0	0	0	0	0	0	0	0	0	0	0	0	10	0	0	0	0	0	0	21
WP5033	0	0	0	0	0	0	0	0	0	0	0	0	0	0	0	0	0	0	0	0	0	0	0	0
WP4823	0	0	0	0	0	0	0	0	0	0	0	0	0	0	0	0	0	0	0	0	1	0	0	0
WP4536	0	0	0	0	0	0	0	0	0	0	0	0	0	0	0	0	0	0	0	0	0	0	0	0
WP1992	0	0	0	0	0	0	0	0	0	0	0	0	0	0	0	0	0	0	0	0	0	0	0	2
WP5269	0	0	0	0	0	0	0	0	0	0	0	0	0	1	3	0	0	1	5	3	20	8	9	1
WP2276	0	0	0	0	0	0	0	0	0	0	0	0	0	0	0	0	1	0	0	1	0	0	0	2
WP2261	0	0	0	0	0	0	0	0	0	0	0	0	0	0	0	0	6	0	0	22	35	0	0	8
WP5280	0	0	0	0	0	0	0	0	0	0	0	0	0	0	0	0	0	0	0	0	0	28	44	1
WP2880	0	0	0	0	0	0	0	0	0	0	0	0	0	0	0	0	0	0	0	2	0	0	0	11
WP661	0	0	0	0	0	0	0	0	0	0	0	0	0	0	0	0	3	0	0	0	0	0	0	3
WP5211	0	0	0	0	0	0	0	0	0	0	0	0	0	0	0	0	0	0	1	2	0	7	0	12
WP698	0	0	0	0	0	0	0	0	0	0	0	0	0	0	0	0	0	0	0	0	0	5	0	10
WP100	0	0	0	0	0	0	0	0	0	0	0	0	0	0	0	0	0	0	0	0	0	0	0	52
WP4722	0	0	0	0	0	0	0	0	0	0	0	0	0	0	0	0	0	0	0	0	0	22	47	3
WP2533	0	0	0	0	0	0	0	0	0	0	0	0	0	0	0	0	0	0	0	0	0	42	113	12
WP5028	0	0	0	0	0	0	0	0	0	0	0	0	0	0	0	0	0	0	0	0	1	10	16	7
WP1495	0	0	0	0	0	0	0	0	0	0	0	0	0	0	0	0	0	0	0	0	0	4	0	22
WP500	0	0	0	0	0	0	0	0	0	0	0	0	0	0	0	0	4	0	0	0	0	8	2	14
WP534	0	0	0	0	0	0	0	0	0	0	0	0	0	0	0	0	0	0	0	0	2	35	35	14
WP5049	0	0	0	0	0	0	0	0	0	0	0	0	0	0	0	0	0	0	0	2	26	1	1	0
WP4815	0	0	0	0	0	0	0	0	0	0	0	0	0	0	0	0	0	0	0	8	0	23	45	4
WP5395	0	0	0	0	0	0	0	0	0	0	0	0	0	0	0	0	0	0	0	0	0	24	29	3
WP5292	0	0	0	0	0	0	0	0	0	0	0	0	0	0	0	0	0	0	0	0	0	19	20	7
WP4521	0	0	0	0	0	0	0	0	0	0	0	0	0	0	0	1	0	0	1	0	1	27	32	5
WP5166	0	0	0	0	0	0	0	0	0	0	0	0	0	0	0	0	0	0	0	1	0	19	15	27
WP5437	0	0	0	0	0	0	0	0	0	0	0	0	0	0	0	0	0	0	0	0	3	0	0	18
WP455	0	0	0	0	0	0	0	0	0	0	0	0	0	0	0	0	0	0	3	0	0	0	0	6
WP334	0	0	0	0	0	0	0	0	0	0	0	0	0	0	0	0	0	0	0	0	0	0	0	11
WP501	0	0	0	0	0	0	0	0	0	0	0	0	0	0	0	0	0	0	0	0	0	0	0	0
WP117	0	0	0	0	0	0	0	0	0	0	0	0	0	0	0	0	0	0	0	0	0	0	0	0
WP4941	0	0	0	0	0	0	0	0	0	0	0	0	0	0	0	0	0	4	2	2	14	8	2	16
WP3958	0	0	0	0	0	0	0	0	0	0	0	0	0	0	0	0	0	0	0	0	0	0	0	9
WP5385	0	0	0	0	0	0	0	0	0	0	0	0	0	0	0	0	0	0	8	3	25	0	0	0
WP3627	0	0	0	0	0	0	0	0	3	0	0	0	0	0	0	0	0	0	0	0	0	3	4	1
WP3969	0	0	0	0	0	0	0	0	0	0	0	0	0	0	0	0	0	2	0	1	0	1	0	13
WP2840	0	0	0	0	0	0	0	0	0	0	0	0	0	0	0	0	0	0	5	35	2	0	1	91
WP2839	0	0	0	0	0	0	0	0	0	0	0	0	0	0	0	0	0	0	9	13	0	0	0	34
WP5426	0	0	0	0	0	0	0	0	0	0	0	0	0	0	0	5	1	0	42	16	8	9	1	0
WP4674	0	0	0	0	0	0	0	0	0	0	0	0	0	0	0	0	0	1	0	35	0	0	5	33
WP1591	0	0	0	0	0	0	0	0	0	0	0	0	0	0	0	0	0	0	0	11	0	0	0	32
WP4249	0	0	0	0	0	0	0	0	0	0	0	0	0	0	0	0	0	5	0	2	0	1	0	18
WP47	0	0	0	0	0	0	0	0	0	0	0	0	0	0	0	0	0	0	0	0	0	0	0	20
WP2849	0	0	0	0	0	0	0	0	0	0	0	0	0	0	0	0	0	0	0	4	0	0	0	11
WP3657	0	0	0	0	0	0	0	0	0	0	0	0	0	0	0	0	0	0	0	2	0	0	0	26
WP561	0	0	0	0	0	0	0	0	0	0	0	0	0	0	0	0	0	0	0	0	0	8	0	16
WP5169	0	0	0	0	0	0	0	0	0	0	0	0	0	0	0	0	1	0	0	0	0	12	19	17
WP4666	0	0	0	0	0	0	0	0	0	0	0	0	0	0	0	0	0	13	5	12	0	2	15	89
WP3646	0	0	0	0	0	0	0	0	0	0	0	0	0	0	0	0	0	0	0	20	0	0	0	57
WP313	0	0	0	0	0	0	0	0	0	0	0	0	0	0	0	0	0	0	1	3	0	0	0	29
WP4206	0	0	0	0	0	0	0	0	0	0	0	0	0	0	0	0	0	2	0	6	0	6	0	35
WP2645	0	0	0	0	0	0	0	0	0	0	0	0	0	0	0	0	0	0	0	0	0	6	5	1
WP3924	0	0	0	0	0	0	0	0	0	0	0	0	0	0	0	0	0	1	0	2	0	0	0	3
WP2456	0	0	0	0	0	0	0	0	0	0	0	0	0	0	0	0	0	0	0	0	0	6	0	16
WP4860	0	0	0	0	0	0	0	0	0	0	0	0	0	0	0	0	0	0	0	1	0	0	0	3
WP4751	0	0	0	0	0	0	0	0	0	0	0	0	0	0	0	0	0	0	0	3	11	0	0	3
WP4541	0	0	0	0	0	0	0	0	0	0	0	0	0	0	0	0	0	1	3	13	0	0	0	13
WP4537	0	0	0	0	0	0	0	0	0	0	0	0	0	0	0	0	0	0	0	0	0	0	0	10
WP4540	0	0	0	0	0	0	0	0	0	0	0	0	0	0	0	0	0	0	0	6	0	0	0	15
WP5231	0	0	0	0	0	0	0	0	0	0	0	0	0	0	0	0	0	1	0	0	0	1	2	31
WP2369	0	0	0	0	0	0	0	0	0	0	0	0	0	0	0	0	0	0	0	0	0	5	24	0
WP186	0	0	0	0	0	0	0	0	0	0	0	0	0	0	0	0	0	0	0	0	0	0	0	8
WP4194	0	0	0	0	0	0	0	0	0	0	0	0	0	0	0	0	0	0	0	0	14	0	0	0
WP4864	0	0	0	0	0	0	0	0	0	0	0	0	0	0	0	0	0	0	0	5	16	1	1	0
WP4863	0	0	0	0	0	0	0	0	0	0	0	0	0	0	0	0	0	0	0	1	3	3	2	9
WP4880	0	0	0	0	0	0	0	0	0	0	0	0	0	0	0	0	0	6	4	31	15	0	0	2
WP4877	0	0	0	0	0	0	0	0	0	0	0	0	0	0	0	0	0	5	0	4	38	0	0	0
WP516	0	0	0	0	0	1	0	0	0	0	0	0	0	0	0	0	0	3	0	0	0	0	0	2
WP3668	0	0	0	0	0	0	0	0	0	0	0	0	0	0	0	0	0	1	2	0	0	0	0	16
WP3655	0	0	0	0	0	0	0	0	0	0	0	0	0	0	0	0	0	0	0	1	0	2	2	7
WP2943	0	0	0	0	0	0	0	0	0	0	0	0	0	0	0	0	0	0	0	1	0	0	0	4
WP53	0	0	0	0	0	0	0	0	0	0	0	0	0	0	0	0	0	0	0	0	0	0	0	16
WP5414	0	0	0	0	0	0	0	0	0	0	0	0	0	0	0	0	0	0	0	0	3	5	9	1
WP4495	0	0	0	0	0	0	0	0	0	0	0	0	0	0	0	0	1	0	0	0	0	0	2	7
WP2112	0	0	0	0	0	0	0	0	0	0	0	0	0	0	0	0	0	0	7	1	0	1	0	29
WP4754	0	0	0	0	0	0	0	0	0	0	0	0	0	0	0	0	0	232	0	0	0	0	0	155
WP5422	0	0	0	0	0	0	0	0	0	0	19	19	0	2	0	0	0	13	0	1	0	0	21	23
WP195	0	0	0	0	0	0	0	0	0	0	0	0	0	0	0	0	0	1	0	0	0	0	0	80
WP5347	0	0	0	0	0	0	0	0	0	0	0	0	0	0	0	0	0	8	0	3	0	0	13	14
WP49	0	0	0	0	0	0	0	0	0	0	0	0	0	0	0	0	0	2	0	1	0	0	0	59
WP286	0	0	0	0	0	0	0	0	0	0	0	0	0	0	0	0	0	0	0	0	0	0	0	61
WP395	0	0	0	0	0	0	0	0	0	0	0	0	0	0	0	0	1	5	0	2	0	0	0	73
WP127	0	0	0	0	0	0	0	0	0	0	0	0	0	0	0	0	1	5	0	0	0	0	0	36
WP205	0	0	0	0	0	0	0	0	0	0	0	0	0	0	0	0	0	5	0	1	0	0	0	22
WP22	0	0	0	0	0	0	0	0	0	0	0	0	0	0	0	0	0	0	0	0	0	0	0	24
WP2865	0	0	0	0	0	0	0	0	0	0	0	0	0	0	0	0	0	0	0	0	0	0	0	13
WP364	0	0	0	0	0	0	0	0	0	0	0	0	0	0	0	0	0	1	0	2	0	0	0	59
WP3640	0	0	0	0	0	0	0	0	0	0	0	0	0	0	0	0	0	2	0	8	0	0	0	11
WP5285	0	0	0	0	0	0	0	0	0	0	0	0	0	0	0	0	0	0	0	10	16	0	0	24
WP4197	0	0	0	0	0	0	0	0	0	0	0	0	0	0	0	0	0	0	0	4	0	0	0	22
WP5120	0	0	0	0	0	0	0	0	0	0	0	0	0	0	0	0	0	1	0	1	38	0	2	5
WP5336	0	0	0	0	0	0	0	0	0	0	0	0	0	0	0	0	0	0	0	0	2	0	0	12
WP5198	0	0	0	0	0	0	0	0	0	0	0	0	0	0	0	0	0	0	0	4	61	0	8	14
WP453	0	0	0	0	0	0	0	0	0	0	0	0	0	0	0	0	0	0	0	0	0	1	0	4
WP4844	0	0	0	0	0	0	0	0	0	0	0	0	0	0	0	0	0	3	0	15	11	9	24	6
WP1438	0	0	0	0	0	0	0	0	0	0	0	0	0	0	0	0	0	0	0	0	0	0	0	14
WP4301	0	0	0	0	0	0	0	0	0	0	0	0	0	0	0	0	0	0	0	1	0	0	0	19
WP3414	0	0	0	0	0	0	0	0	0	0	0	0	0	0	0	0	0	0	0	0	0	0	2	20
WP3635	0	0	1	0	0	0	0	0	0	34	0	0	49	0	0	0	0	0	0	0	0	0	0	0
WP3634	0	0	0	0	0	0	0	0	0	0	0	0	0	0	0	0	0	0	0	0	0	0	0	0
WP481	0	0	0	0	0	0	0	0	0	0	0	0	0	0	0	0	0	0	0	3	0	0	0	16
WP1971	0	0	0	0	0	0	0	0	0	0	0	0	0	0	0	1	3	0	2	13	33	0	0	0
WP185	0	0	0	0	0	0	0	0	0	0	0	0	0	0	0	0	0	0	0	0	0	2	0	37
WP4559	0	0	0	0	0	0	0	0	0	0	0	0	0	0	0	0	0	0	7	18	0	0	1	16
WP3670	0	0	0	0	0	0	0	0	0	0	0	0	0	0	0	0	0	0	0	1	0	0	0	9
WP5092	0	0	0	0	0	0	0	0	0	0	0	0	0	0	0	0	0	7	8	6	17	0	5	2
WP2916	0	0	0	0	0	0	0	0	0	0	0	0	0	0	0	0	0	0	0	0	0	0	0	0
WP585	0	0	0	0	0	0	0	0	0	0	0	0	0	0	0	2	2	0	30	9	1	0	0	35
WP2332	0	0	0	0	0	0	0	0	0	0	0	0	0	0	0	0	0	5	0	1	0	0	0	51
WP2637	0	0	0	0	0	0	0	0	0	0	0	0	0	0	0	0	0	0	0	0	0	0	0	88
WP3656	0	0	0	0	0	0	0	0	0	0	0	0	0	0	0	0	0	0	4	0	0	0	0	5
WP4856	0	0	0	0	0	0	0	0	0	0	0	0	0	0	0	0	0	0	0	0	0	0	0	2
WP4532	0	0	0	0	0	0	0	0	0	0	0	0	0	0	0	0	0	0	2	0	0	0	0	0
WP229	0	0	0	0	0	0	0	0	0	0	0	0	0	0	0	0	0	0	0	0	0	14	8	5
WP5152	0	0	0	0	0	0	0	0	0	0	0	0	0	0	0	0	0	0	0	0	0	6	1	10
WP5172	0	0	0	0	0	0	0	0	0	0	0	0	0	0	3	5	0	0	4	0	0	12	7	31
WP2007	0	0	0	0	0	0	0	0	0	0	0	0	0	0	0	0	0	0	2	1	2	0	12	4
WP5311	0	0	0	0	0	0	0	0	0	0	0	0	0	0	0	0	0	0	0	0	0	3	80	1
WP5358	0	0	0	0	0	0	0	0	0	0	0	0	0	0	0	1	0	0	5	4	15	0	0	1
WP4656	0	0	0	0	0	0	0	0	0	0	0	0	0	0	0	0	1	0	36	8	10	4	4	5
WP5074	0	0	0	0	0	0	0	0	0	0	0	0	0	0	0	2	0	1	11	6	13	1	8	23
WP5360	0	0	0	0	0	0	0	0	0	0	0	0	0	2	0	1	0	3	7	4	10	6	5	2
WP3933	0	0	0	0	0	0	0	0	0	0	0	0	0	0	0	0	0	0	0	0	0	11	20	0
WP4742	0	0	0	0	0	0	0	0	0	0	0	0	0	0	0	0	0	0	0	0	1	7	10	16
WP311	0	0	0	0	0	0	0	0	0	0	0	0	0	0	0	0	0	0	0	0	0	6	0	14
WP5089	0	0	0	0	0	0	0	0	0	0	0	0	0	0	0	0	0	0	0	1	0	1	0	6
WP4871	0	0	0	0	0	0	0	0	0	0	0	0	0	0	0	0	0	1	0	4	20	3	13	0
WP304	0	0	0	0	0	0	0	0	0	0	0	0	0	0	0	0	0	7	0	0	0	0	0	81
WP5351	0	0	0	0	0	0	0	0	0	0	0	0	0	0	0	0	0	0	9	1	0	4	4	2
WP4236	0	0	0	0	0	0	0	0	0	0	0	0	0	0	0	0	0	0	4	0	0	18	30	9
WP5044	0	0	0	0	0	0	0	0	0	0	0	0	0	0	0	0	0	0	2	7	17	12	25	12
WP5239	0	0	0	0	0	0	0	0	0	0	0	0	0	0	0	0	0	0	0	0	0	2	1	0
WP5314	0	0	0	0	0	0	0	0	0	0	0	0	0	0	0	0	0	0	0	0	0	20	14	29
WP5303	0	0	0	0	0	0	0	0	0	0	0	0	0	0	0	0	0	0	0	0	0	5	10	0
WP4299	0	0	0	0	0	0	0	0	0	0	0	0	0	2	0	0	0	3	0	0	0	4	4	1
WP5272	0	0	0	0	0	0	0	0	0	0	0	0	0	0	0	1	0	3	2	0	6	0	0	1
WP4904	0	0	0	0	0	0	0	0	3	0	0	0	0	0	0	0	0	0	0	4	0	0	0	1
WP3935	0	0	0	0	0	0	0	0	0	0	0	0	0	0	0	0	0	0	0	1	0	0	0	9
WP3934	0	0	0	0	0	0	0	0	0	0	0	0	0	0	0	0	0	0	0	2	0	2	0	9
WP2034	0	0	0	0	0	0	0	3	0	0	0	0	0	0	0	0	4	8	0	5	0	0	15	95
WP3299	0	0	0	0	0	0	0	0	0	0	0	0	0	0	0	0	0	0	0	2	0	0	0	3
WP4686	0	0	0	0	0	0	0	0	0	0	0	0	0	0	0	0	0	0	0	0	0	24	27	26
WP4542	0	0	0	0	0	0	0	0	0	0	0	0	0	0	0	0	0	0	0	2	0	0	0	9
WP5171	0	0	0	0	0	0	0	0	0	0	0	0	0	0	0	0	0	0	0	0	0	17	22	12
WP2646	0	0	0	0	0	0	0	0	0	0	0	0	0	0	0	0	0	0	0	0	0	4	10	0
WP4853	0	0	0	0	0	0	0	0	0	0	0	0	0	0	0	5	0	0	2	3	0	6	12	7
WP5137	0	0	0	0	0	0	0	0	0	0	0	0	0	0	0	0	0	0	0	0	0	6	14	0
WP5149	0	0	0	0	0	0	0	0	0	0	0	0	0	0	0	0	0	2	0	0	5	3	4	0
WP3965	0	0	0	0	0	0	0	0	0	0	0	0	0	0	0	0	0	0	0	3	5	9	12	3
WP3601	0	0	0	0	0	0	0	0	0	0	0	0	0	0	0	0	0	0	2	0	2	3	3	1
WP4010	0	0	0	0	0	0	0	0	0	0	0	0	0	0	0	0	0	0	0	3	0	0	0	33
WP2874	0	0	0	0	0	0	0	0	0	0	0	0	0	0	0	0	0	0	0	0	0	0	0	3
WP3672	0	0	0	0	0	0	0	0	0	0	0	0	0	0	0	0	0	0	0	4	0	0	0	13
WP4258	0	0	0	0	0	0	0	0	0	0	0	0	0	0	0	0	0	1	1	27	0	1	4	13
WP4478	0	0	0	0	0	0	0	0	0	0	0	0	0	0	0	0	0	0	0	0	0	0	0	13
WP3624	0	0	0	0	0	0	0	0	0	0	0	0	0	0	0	0	0	0	0	2	0	0	0	10
WP5146	0	0	0	0	0	0	0	0	0	0	0	0	0	0	0	0	0	0	0	0	10	0	0	2
WP5353	0	0	0	0	0	0	0	0	0	0	17	17	0	0	0	0	1	32	0	1	0	0	2	116
WP4146	0	0	0	0	0	0	0	0	0	0	0	0	0	0	0	0	0	0	0	0	0	0	0	0
WP4589	0	0	0	0	0	0	0	0	0	0	0	0	0	0	0	0	0	0	5	3	11	5	6	4
WP4673	0	0	0	0	0	0	0	0	0	0	0	0	0	0	0	0	0	9	15	5	12	9	13	7
WP5320	0	0	0	0	0	0	0	0	0	0	0	0	0	0	0	0	0	0	1	0	0	27	27	0
WP4842	0	0	0	0	0	0	0	0	0	0	0	0	0	0	0	0	0	0	0	6	2	3	2	16
WP2813	0	0	0	0	0	0	0	0	0	0	0	0	0	0	0	0	0	0	0	11	0	0	0	15
WP2815	0	0	0	0	0	0	0	0	0	0	0	0	0	0	0	0	0	0	0	1	0	0	0	13
WP2817	0	0	0	0	0	0	0	0	0	0	0	0	0	0	0	0	0	0	0	6	0	0	0	59
WP2814	0	0	0	0	0	0	0	0	0	0	0	0	0	0	0	0	0	0	0	0	0	0	0	19
WP4872	0	0	0	0	0	0	0	0	0	0	0	0	0	0	0	0	0	0	0	7	9	0	0	3
WP3849	0	0	0	0	0	0	0	0	0	0	0	0	0	0	0	0	0	0	0	2	0	2	1	7
WP422	0	0	0	0	0	0	0	0	0	0	0	0	0	0	0	0	0	0	0	1	0	0	1	24
WP4928	0	0	0	0	0	0	0	0	0	0	0	0	0	0	0	0	0	0	0	2	11	0	1	0
WP382	0	0	0	0	0	0	0	0	0	0	0	0	0	0	0	0	2	5	9	13	1	2	0	73
WP5236	0	0	0	0	0	0	0	0	0	0	0	0	0	0	0	0	0	0	0	0	1	0	1	45
WP129	0	0	0	0	0	0	0	0	0	0	0	0	0	0	0	0	0	0	0	0	0	0	0	0
WP4829	0	0	0	0	0	0	0	0	0	0	0	0	0	0	0	0	0	0	2	2	0	0	0	18
WP4630	0	0	0	0	0	0	0	0	0	0	0	0	0	0	0	1	0	6	11	26	0	2	3	55
WP4534	0	0	0	0	0	0	0	0	0	0	0	0	0	0	0	1	0	0	13	6	0	0	0	0
WP3584	0	0	0	0	0	0	2	0	0	0	0	0	0	0	0	0	0	0	10	15	13	1	2	24
WP4789	0	0	0	0	0	0	0	0	0	0	0	0	0	0	0	0	0	0	11	0	0	0	2	0
WP4685	0	0	0	0	0	0	0	0	0	0	0	0	0	0	0	0	2	2	0	8	0	0	0	29
WP3298	0	0	0	0	0	0	0	0	0	0	0	0	0	0	0	0	0	2	4	13	16	15	13	6
WP2857	0	0	0	0	0	0	0	0	0	0	0	0	0	0	0	0	0	7	0	21	4	0	0	66
WP4205	0	0	0	0	0	0	0	0	0	0	0	0	0	0	0	0	0	1	2	3	0	0	0	45
WP5105	0	0	0	0	0	0	0	0	0	0	0	0	0	0	0	0	0	0	0	0	0	0	0	0
WP5355	0	0	0	0	0	0	0	0	0	0	0	0	0	0	0	1	0	0	2	5	2	95	70	77
WP4522	0	0	0	0	0	0	0	0	0	0	0	0	0	0	0	3	0	0	2	1	2	9	12	8
WP5312	0	0	0	0	0	0	0	0	0	0	0	0	0	0	0	0	0	1	0	0	9	24	12	31
WP4290	0	0	0	0	0	0	0	0	0	0	0	0	0	0	0	0	0	0	0	2	0	36	8	39
WP5220	0	0	0	0	0	0	0	0	0	0	0	0	0	0	0	0	0	0	0	5	16	41	37	10
WP4586	0	0	0	0	0	0	0	0	0	0	0	0	0	0	0	0	0	0	0	0	0	9	23	0
WP3666	0	0	0	0	0	0	0	0	0	0	0	0	0	0	0	0	0	0	0	0	0	6	8	1
WP4142	0	0	0	0	0	0	0	0	0	0	0	0	0	0	0	0	0	0	0	0	0	31	37	0
WP4174	0	0	0	0	0	0	0	0	0	0	0	0	0	0	0	0	0	0	0	0	0	6	7	3
WP3602	0	0	0	0	0	0	0	0	0	0	0	0	0	0	0	0	0	0	0	0	0	0	190	26
WP702	0	0	0	0	0	0	0	0	0	0	0	0	0	0	0	0	0	0	0	0	0	0	0	19
WP2249	0	0	0	0	0	0	0	0	0	0	0	0	0	0	0	0	0	0	0	17	0	0	0	6
WP3580	0	0	0	0	0	0	0	0	0	0	0	0	0	0	0	0	1	0	0	2	1	21	49	6
WP4292	0	0	0	0	0	0	0	0	0	0	0	0	0	0	0	0	0	0	2	0	0	14	18	8
WP704	0	0	0	0	0	0	0	0	0	0	0	0	0	0	0	0	0	0	0	0	0	0	0	14
WP4189	0	0	0	0	0	0	0	0	0	0	0	0	0	0	0	0	0	0	0	10	0	16	17	1
WP4190	0	0	0	0	0	0	0	0	0	0	0	0	0	0	0	0	0	0	0	0	0	28	47	5
WP3963	0	0	0	0	0	0	0	0	0	0	0	0	0	0	0	0	0	0	0	0	0	7	1	9
WP3301	0	0	0	0	0	0	0	0	0	0	0	0	0	0	0	5	0	2	0	0	0	6	0	17
WP4560	0	0	0	0	0	0	0	0	0	0	0	0	0	0	0	0	0	2	1	0	0	7	0	13
WP3937	0	0	0	0	0	0	0	0	0	0	0	0	0	0	0	0	0	0	0	4	1	0	4	19
WP3593	0	0	0	0	0	0	0	0	0	0	0	0	0	0	0	0	0	2	0	3	0	0	0	2
WP4399	0	0	0	0	0	0	0	0	0	0	0	0	0	0	0	0	0	0	0	7	0	0	0	2
WP1544	0	0	0	0	0	0	0	0	0	0	0	0	0	0	0	0	69	0	0	0	0	0	0	81
WP2038	0	0	0	0	0	0	0	0	0	0	0	0	0	0	0	0	0	0	0	24	0	0	1	47
WP5279	0	0	0	0	0	0	0	0	0	0	0	0	0	0	0	0	0	0	0	0	0	22	22	1
WP3595	0	0	0	0	0	0	0	0	0	0	0	0	0	0	0	0	0	0	0	6	0	0	0	4
WP3938	0	0	0	0	0	0	0	0	0	0	0	0	0	0	0	0	0	0	0	6	0	0	0	1
WP3967	0	0	0	0	0	0	0	0	0	0	0	0	0	0	0	0	0	1	0	9	0	0	0	19
WP3596	0	0	0	0	0	0	0	0	0	0	0	0	0	0	0	0	0	0	0	4	0	0	0	2
WP2338	0	0	0	0	0	0	0	0	0	0	0	0	0	0	0	0	0	0	0	0	0	0	0	0
WP4316	0	0	0	0	0	0	0	0	0	0	0	0	0	0	0	0	0	0	0	0	0	0	0	2
WP1530	0	0	0	0	0	0	0	0	0	0	0	0	0	0	0	0	26	0	0	1	0	0	0	118
WP3982	0	0	0	0	0	0	0	0	0	0	0	0	0	0	0	0	0	8	0	15	0	0	0	22
WP3981	0	0	0	0	0	0	0	0	0	0	0	0	0	0	0	0	0	3	1	16	0	0	0	30
WP4329	0	0	0	0	0	0	0	0	0	0	0	0	0	0	0	0	0	1	1	14	0	1	2	36
WP2911	0	0	0	0	0	0	0	0	0	0	0	0	0	0	0	0	45	0	0	0	0	0	0	0
WP1545	0	0	0	0	0	0	0	0	0	0	0	0	0	0	0	0	0	0	0	34	0	0	0	70
WP5241	0	0	0	0	0	0	0	0	0	0	0	0	0	0	0	0	0	0	0	0	0	76	136	0
WP4324	0	0	0	0	0	0	0	0	0	0	0	0	0	0	0	0	0	0	37	0	0	0	7	20
WP4944	0	0	0	0	0	0	0	0	0	0	0	0	0	0	0	0	0	0	0	0	0	0	0	11
WP4945	0	0	0	0	0	0	0	0	0	0	0	0	0	0	0	0	0	0	0	0	0	0	0	9
WP4920	0	0	0	0	0	0	0	0	0	0	0	0	0	0	0	0	0	0	0	0	0	0	0	11
WP4921	0	0	0	0	0	0	0	0	0	0	0	0	0	0	0	0	0	0	0	0	0	0	0	20
WP4922	0	0	0	0	0	0	0	0	0	0	0	0	0	0	0	0	0	0	18	0	0	5	4	0
WP5123	0	0	0	0	0	0	0	0	0	0	0	0	0	0	0	0	0	1	0	0	0	16	14	14
WP4317	0	0	0	0	0	0	0	0	0	0	0	0	0	0	0	0	0	0	0	0	0	7	0	17
WP391	0	0	0	0	0	0	0	0	0	0	0	0	0	0	0	0	0	0	0	0	0	0	0	18
WP5038	0	0	0	0	0	0	0	0	0	0	0	0	0	0	0	0	0	0	6	7	10	3	13	17
WP368	0	0	0	0	0	0	0	0	0	0	0	0	0	0	0	0	0	0	0	0	0	11	0	13
WP4397	0	0	0	0	0	0	0	0	0	0	0	0	0	0	0	0	0	1	3	1	0	0	0	3
WP4485	0	0	0	0	0	0	0	0	0	0	0	0	0	0	0	0	0	0	0	0	0	0	15	5
WP5192	0	0	0	0	0	0	0	0	0	0	0	0	0	0	0	0	0	0	2	17	28	4	6	0
WP5072	0	0	0	0	0	0	0	0	0	0	0	0	0	0	0	0	0	0	0	8	0	0	0	35
WP4507	0	0	0	0	0	0	0	0	0	0	0	0	0	0	0	1	0	0	7	0	0	8	8	0
WP58	0	0	0	0	0	0	0	0	0	0	0	0	0	0	0	0	0	0	5	0	0	0	0	32
WP727	0	0	0	0	0	0	0	0	0	0	0	0	0	0	0	0	0	0	0	8	14	0	0	32
WP3953	0	0	0	0	0	0	0	0	0	0	0	0	0	0	0	0	0	0	0	1	0	0	0	37
WP411	0	0	0	0	0	0	0	0	0	0	0	0	0	0	0	0	0	0	0	0	0	0	0	17
WP5187	0	0	0	0	0	0	0	0	0	0	0	0	0	0	0	0	0	3	14	0	15	0	0	2
WP4288	0	0	0	0	0	0	0	0	0	0	0	0	0	0	0	0	0	0	2	1	2	11	22	12
WP3877	0	0	0	0	0	0	0	0	0	0	0	0	0	0	0	0	0	0	0	0	0	2	0	9
WP289	0	0	0	0	0	0	0	0	0	0	0	0	0	0	0	0	13	1	0	0	0	0	0	56
WP5153	0	0	0	0	0	0	0	0	0	0	0	0	0	0	0	0	0	0	0	0	0	40	38	9
WP3645	0	0	0	0	0	0	0	0	0	0	0	0	0	0	0	0	0	0	0	0	0	9	1	21
WP3644	0	0	0	0	0	0	0	0	0	0	0	0	0	0	0	0	0	0	0	0	0	16	0	41
WP2485	0	0	0	0	0	0	0	0	0	0	0	0	0	0	0	0	0	0	0	0	0	8	0	18
WP3630	0	0	0	0	0	0	0	0	0	0	0	0	0	0	0	0	5	0	0	0	0	0	1	16
WP5046	0	0	0	0	0	0	0	0	0	0	0	0	0	0	0	0	0	0	0	15	29	8	8	11
WP3890	0	0	0	0	0	0	0	0	0	0	0	0	0	0	0	0	0	1	1	0	2	1	2	11
WP2507	0	0	0	0	0	0	0	0	0	0	0	0	0	0	0	0	0	0	1	6	0	0	1	24
WP2643	0	0	0	0	0	0	0	0	0	0	0	0	0	0	0	0	0	0	0	0	0	0	0	35
WP2509	0	0	0	0	0	0	0	0	0	0	0	0	0	0	0	0	0	0	1	9	0	0	0	12
WP2513	0	0	0	0	0	0	0	0	0	0	0	0	0	0	0	0	0	0	0	2	0	0	0	32
WP4337	0	0	0	0	0	0	0	0	0	0	0	0	0	0	0	0	0	4	2	4	0	0	0	13
WP4336	0	0	0	0	0	0	0	0	0	0	0	0	0	0	0	0	0	1	1	29	0	1	0	13
WP5302	0	0	0	0	0	0	0	0	0	0	0	0	0	0	0	0	0	0	0	0	0	9	13	0
WP4331	0	0	0	0	0	0	0	0	0	0	0	0	0	0	0	0	0	0	2	4	0	0	7	41
WP5052	0	0	0	0	0	0	0	0	0	0	0	0	0	0	0	0	0	0	0	1	6	0	0	0
WP4758	0	0	0	0	0	0	0	0	0	0	0	0	0	0	0	0	0	0	0	0	0	0	0	0
WP4747	0	0	0	0	0	0	0	0	0	0	0	0	0	0	0	0	0	17	0	3	0	0	0	80
WP5115	0	0	0	0	0	0	0	0	0	0	0	0	0	1	0	0	10	23	0	8	0	0	2	102
WP4564	0	0	0	0	0	0	0	0	0	0	0	0	0	0	0	0	0	2	2	1	0	0	0	15
WP4565	0	0	0	0	0	0	0	0	0	0	0	0	0	0	0	0	0	2	2	1	0	0	1	18
WP2064	0	0	0	0	0	0	0	0	0	0	0	0	0	0	0	0	0	121	6	18	2	0	0	3
WP4577	0	0	0	0	0	0	0	0	0	0	0	0	0	0	0	0	0	0	5	8	6	7	14	21
WP5265	0	0	0	0	0	0	0	0	0	0	0	0	0	1	0	1	16	0	9	2	0	0	0	28
WP5083	0	0	0	0	0	0	0	0	0	0	0	0	0	0	0	0	0	18	0	16	90	25	20	28
WP4919	0	0	0	0	0	0	0	0	0	0	0	0	0	0	0	1	0	4	2	0	0	1	6	21
WP4220	0	0	0	0	0	0	0	0	0	0	0	0	0	0	0	0	0	0	0	0	0	21	21	4
WP5366	0	0	0	0	0	0	0	0	0	0	0	0	0	0	1	5	0	1	25	15	15	20	11	27
WP1603	0	0	0	0	0	0	0	0	0	0	0	0	0	0	0	0	0	0	1	0	0	3	0	3
WP1602	0	0	0	0	0	0	0	0	0	0	0	0	0	0	0	0	4	0	4	0	0	12	0	16
WP1600	0	0	0	0	0	0	0	0	9	0	0	0	0	0	0	0	0	0	0	0	0	8	10	4
WP5119	0	0	0	0	0	0	0	0	0	0	0	0	0	0	0	2	0	0	2	0	0	0	0	13
WP4947	0	0	0	0	0	0	0	0	0	0	0	0	0	0	0	0	0	0	0	1	0	7	8	6
WP4008	0	0	0	0	0	0	0	0	0	0	0	0	0	0	0	0	0	2	0	8	17	10	6	22
WP288	0	0	0	0	0	0	0	0	0	0	0	0	0	0	0	0	1	0	0	0	0	0	0	14
WP5133	0	0	0	0	0	0	0	0	0	0	0	0	0	0	0	0	0	0	3	2	3	4	8	0
WP4341	0	0	0	0	0	0	0	0	1	0	0	0	0	0	0	0	0	0	12	1	44	2	1	5
WP438	0	0	0	0	0	0	0	0	0	0	0	0	0	0	0	0	0	0	0	0	0	7	0	6
WP4255	0	0	0	0	0	0	0	0	0	0	0	0	0	0	0	0	0	0	3	7	0	1	0	47
WP4396	0	0	0	0	0	0	0	0	0	0	0	0	0	0	0	0	0	7	6	8	0	0	0	56
WP3413	0	0	0	0	0	0	0	0	0	0	0	0	0	0	0	0	0	0	0	0	0	0	0	11
WP61	0	0	0	0	0	0	0	0	0	0	0	0	0	0	0	0	0	10	0	2	0	0	0	36
WP268	0	0	0	0	0	0	0	0	0	0	0	0	0	0	0	0	0	0	0	3	0	0	0	7
WP3865	0	0	0	0	0	0	0	0	0	0	0	0	0	0	0	0	0	2	0	11	0	0	0	29
WP5399	0	0	0	0	0	0	0	0	0	0	0	0	0	0	0	0	0	0	3	0	2	0	1	2
WP4357	0	0	0	0	0	0	0	0	0	0	0	0	0	0	0	0	0	2	0	1	0	2	1	13
WP2884	0	0	0	0	0	0	0	0	0	0	0	0	0	0	0	0	0	0	0	0	0	0	0	5
WP5144	0	0	0	0	0	0	0	0	0	0	0	0	0	0	0	0	0	1	0	8	31	0	0	3
WP5398	0	0	0	0	0	0	0	0	0	0	0	0	0	0	0	0	0	0	5	2	1	0	0	0
WP5027	0	0	0	0	0	0	0	0	0	0	0	0	0	0	0	0	0	0	5	1	0	0	2	1
WP299	0	0	0	0	0	0	0	0	0	0	0	0	0	0	0	0	3	0	0	0	0	2	0	38
WP2882	0	0	0	0	0	0	0	0	0	0	0	0	0	0	0	0	7	0	1	1	0	0	0	70
WP170	0	0	0	0	0	0	0	0	0	0	0	0	0	0	0	0	0	0	5	0	0	0	0	0
WP1433	0	0	0	0	0	0	0	0	0	0	0	0	0	0	0	0	3	0	0	0	0	0	0	9
WP5114	0	0	0	0	0	0	0	0	0	0	0	0	0	0	0	0	0	0	3	1	27	5	1	0
WP4753	0	0	0	0	0	0	0	0	0	0	0	0	0	0	0	0	0	0	0	0	0	9	0	8
WP80	0	0	0	0	0	0	0	0	0	0	0	0	0	0	0	0	0	0	0	0	0	0	0	11
WP5324	0	0	0	0	0	0	0	0	0	0	0	0	0	0	0	0	0	0	0	0	0	39	41	2
WP4304	0	0	0	0	0	0	0	0	0	0	0	0	0	0	0	0	0	0	0	2	4	0	0	23
WP4723	0	0	0	0	0	0	0	0	0	0	0	0	0	0	0	0	0	0	0	0	0	24	0	45
WP4724	0	0	0	0	0	0	0	0	0	0	0	0	0	0	0	0	0	0	0	0	0	18	0	28
WP2374	0	0	0	0	0	0	0	0	0	0	0	0	0	0	0	0	3	12	0	0	0	0	0	82
WP3940	0	0	0	0	0	0	0	0	0	0	0	0	0	0	0	0	0	0	0	0	0	5	3	46
WP241	0	0	0	0	0	0	0	0	0	0	0	0	0	0	0	0	1	0	0	0	0	25	8	26
WP4487	0	0	0	0	0	0	0	0	0	0	0	0	0	0	0	0	0	0	0	1	0	4	2	4
WP5093	0	0	0	0	0	0	0	0	0	0	0	0	0	0	25	0	8	50	3	0	12	0	0	350
WP5094	0	0	0	0	0	0	0	0	0	0	0	0	0	2	0	0	0	46	0	3	0	0	1	172
WP5373	0	0	0	0	0	0	0	0	0	0	0	0	0	0	0	0	0	0	4	4	32	1	2	9
WP4787	0	0	0	0	0	0	0	0	0	0	0	0	0	0	0	1	0	0	8	3	7	12	20	10
WP322	0	0	0	0	0	0	0	0	0	0	0	0	0	0	0	0	5	0	0	0	0	1	0	15
WP12	0	0	0	0	0	0	0	0	0	0	0	0	0	0	0	0	1	0	0	0	0	0	0	8
WP1434	0	0	0	0	0	0	0	0	0	0	0	0	0	0	0	0	0	0	0	0	0	0	0	12
WP3971	0	0	0	0	0	0	0	0	0	0	0	0	0	0	0	0	0	0	0	15	0	0	0	15
WP34	0	0	0	0	0	0	0	0	0	0	0	0	0	0	0	0	0	0	1	0	3	2	2	3
WP4879	0	0	0	0	0	0	0	0	0	0	0	0	0	3	0	4	0	3	12	19	32	13	44	15
WP4558	0	0	0	0	0	0	0	0	0	0	0	0	0	0	0	0	0	0	0	0	0	0	1	9
WP3287	0	0	0	0	0	0	0	0	0	0	0	0	0	0	0	0	0	0	24	0	0	0	0	3
WP5095	0	0	0	0	0	0	0	0	0	0	0	0	0	0	0	0	0	0	0	0	0	0	0	7
WP43	0	0	0	0	0	0	0	0	0	0	0	0	0	0	0	0	0	0	0	0	0	0	0	11
WP3941	0	0	0	0	0	0	0	0	0	0	0	0	0	0	0	0	0	0	0	5	0	0	0	36
WP623	0	0	0	0	0	0	0	0	0	0	0	0	0	0	0	0	0	0	0	0	0	2	0	4
WP408	0	0	0	0	0	0	0	0	0	0	0	0	0	0	0	0	0	0	0	1	0	0	0	15
WP4545	0	0	0	0	0	0	0	0	0	0	0	0	0	0	0	0	0	0	13	1	5	80	84	2
WP2889	0	0	0	0	0	0	0	0	0	0	0	0	0	0	0	0	0	0	0	0	0	0	0	12
WP400	0	0	0	0	0	0	0	0	0	0	0	0	0	0	0	0	0	1	0	0	0	0	0	37
WP4963	0	0	0	0	0	0	0	0	0	0	0	0	0	0	0	0	0	0	0	0	0	0	0	0
WP5409	0	0	0	0	0	0	0	0	0	0	0	0	0	0	0	0	0	0	8	0	6	0	0	0
WP4263	0	0	0	0	0	0	0	0	0	0	0	0	0	0	0	0	0	5	2	7	0	0	2	44
WP5390	0	0	0	0	0	0	0	0	0	0	0	0	0	0	0	0	0	0	0	0	0	0	0	0
WP2359	0	0	0	0	0	0	0	0	0	0	0	0	0	0	0	0	0	0	19	0	0	0	13	6
WP2371	0	0	0	0	0	0	0	0	0	0	0	0	0	0	0	0	5	0	0	2	5	0	8	7
WP4884	0	0	0	0	0	0	0	0	0	0	0	0	0	0	0	0	0	2	0	5	0	0	1	1
WP2272	0	0	0	0	0	0	0	0	0	0	0	0	0	0	0	0	0	0	0	2	1	0	0	45
WP5342	0	0	0	0	0	0	0	0	0	0	0	0	0	0	0	0	0	1	1	14	26	0	1	0
WP3651	0	0	0	0	0	0	0	0	0	0	0	0	0	0	0	0	0	0	1	12	0	0	0	48
WP5434	0	0	0	0	0	0	0	0	0	0	0	0	0	0	0	1	0	31	26	40	15	0	2	136
WP4705	0	0	0	0	0	0	0	0	0	0	0	0	0	0	0	0	0	9	6	2	13	3	5	3
WP2846	0	0	0	0	0	0	0	0	0	0	0	0	0	0	0	0	0	0	0	0	0	0	2	13
WP2526	0	0	0	0	0	0	0	0	0	0	0	0	0	0	0	0	0	0	1	1	32	0	4	14
WP3972	0	0	0	0	0	0	0	0	0	0	0	0	0	0	0	0	0	0	2	0	0	0	0	31
WP134	0	0	0	0	0	0	0	0	0	0	0	0	0	0	0	0	0	0	0	0	0	10	10	4
WP5043	0	0	0	0	0	0	0	0	0	0	0	0	0	0	0	0	0	0	0	3	4	8	14	27
WP24	0	0	0	0	0	0	0	0	0	0	0	0	0	0	0	0	0	0	2	0	0	0	0	28
WP4873	0	0	0	0	0	0	0	0	0	0	0	0	0	0	0	0	0	0	2	5	17	0	0	0
WP1941	0	0	0	0	0	0	0	0	0	0	0	0	0	0	0	0	0	0	0	0	0	5	9	4
WP4936	0	0	0	0	0	0	0	0	0	0	0	0	0	0	0	0	0	0	7	6	0	0	0	24
WP5433	0	0	0	0	0	0	0	0	0	0	0	0	0	0	0	0	0	0	0	2	10	15	16	3
WP136	0	0	0	0	0	0	0	0	0	0	0	0	0	0	0	0	0	0	0	0	2	0	0	2
WP5411	0	0	0	0	0	0	0	0	0	0	0	0	0	0	0	0	0	0	0	0	0	17	17	0
WP4195	0	0	0	0	0	0	0	0	0	0	0	0	0	0	0	0	0	0	0	0	0	12	26	2
WP4222	0	0	0	0	0	0	0	0	0	0	0	0	0	0	0	0	0	0	11	5	26	19	16	0
WP4971	0	0	0	0	0	0	0	0	0	0	0	0	0	0	0	0	0	0	0	0	0	24	27	4
WP3611	0	0	0	0	0	0	0	0	0	0	0	0	0	0	0	0	0	0	0	1	0	0	0	13
WP3614	0	0	0	0	0	0	0	0	0	0	0	0	0	0	0	0	0	0	0	4	0	0	0	6
WP3617	0	0	0	0	0	0	0	0	0	0	0	0	0	0	0	0	0	0	0	4	0	0	0	8
WP3612	0	0	0	0	0	0	0	0	0	0	0	0	0	0	0	0	0	3	0	0	0	0	0	4
WP3613	0	0	0	0	0	0	0	0	0	0	0	0	0	0	0	0	0	0	0	0	0	0	0	8
WP3680	0	0	0	0	0	0	0	0	0	0	0	0	0	0	0	0	0	0	0	5	0	0	0	66
WP1528	0	0	0	0	0	0	0	0	0	0	0	0	0	0	0	0	0	0	0	0	0	0	0	24
WP4141	0	0	0	0	0	0	0	0	0	0	0	0	0	0	0	0	0	1	2	6	7	0	1	15
WP3844	0	0	0	0	0	0	0	0	0	0	0	0	0	0	0	0	0	0	0	8	0	2	0	13
WP4172	0	0	0	0	0	0	0	0	0	0	0	0	0	0	0	0	10	6	6	10	0	2	0	61
WP2253	0	0	0	0	0	0	0	0	0	0	0	0	0	0	0	2	0	0	0	0	10	0	0	0
WP4760	0	0	0	0	0	0	0	0	0	0	0	0	0	0	0	0	0	0	4	1	0	8	4	8
WP4462	0	0	0	0	0	0	0	0	0	0	0	0	0	0	0	0	0	1	0	0	0	0	6	18
WP5087	0	0	0	0	0	0	0	0	0	0	0	0	0	0	0	0	37	4	21	11	12	3	2	172
WP2848	0	0	0	0	0	0	0	0	0	0	0	0	0	0	0	0	0	0	26	25	0	0	22	48
WP690	0	0	0	0	0	0	0	0	0	0	0	0	0	0	0	0	0	0	0	0	0	4	11	2
WP2878	0	0	0	0	0	0	0	0	0	0	0	0	0	0	0	0	0	0	0	0	0	0	0	2
WP3942	0	0	0	0	0	0	0	0	0	0	0	0	0	0	0	0	0	21	0	0	0	6	0	15
WP3998	0	0	0	0	0	0	0	0	0	0	0	0	0	1	0	3	0	10	15	16	29	8	11	13
WP3527	0	0	0	0	0	0	0	0	0	0	0	0	0	0	0	0	0	0	0	0	0	0	0	5
WP2876	0	0	0	0	0	0	0	0	0	0	0	0	0	0	0	0	0	0	0	0	0	0	0	4
WP2572	0	0	0	0	0	0	0	0	0	0	0	0	0	0	0	0	0	0	0	3	0	0	1	26
WP5316	0	0	0	0	0	0	0	0	0	0	0	0	0	0	0	0	0	0	0	0	0	0	0	0
WP3995	0	0	0	0	0	0	0	0	0	0	0	0	0	0	0	0	0	0	3	4	5	1	3	3
WP5182	0	0	0	0	0	0	0	0	0	0	0	0	0	0	0	0	0	0	2	4	11	0	3	2
WP5103	0	0	0	0	0	0	0	0	0	0	0	0	0	0	0	0	0	1	6	2	0	2	11	7
WP2037	0	0	0	0	0	0	0	0	0	0	0	0	0	0	0	0	1	5	0	4	0	0	9	109
WP5026	0	0	0	0	0	0	0	0	0	0	0	0	0	0	0	0	0	0	0	0	0	12	28	3
WP5122	0	0	0	0	0	0	0	0	0	0	0	0	0	0	0	0	0	0	2	4	37	5	11	5
WP5321	0	0	0	0	0	0	0	0	0	0	0	0	0	3	0	0	0	0	2	4	37	11	9	7
WP5088	0	0	0	0	0	0	0	0	0	0	0	0	0	0	0	0	8	0	0	7	6	2	7	32
WP98	0	0	0	0	0	0	0	0	0	0	0	0	0	0	0	0	3	0	0	1	0	2	1	52
WP183	0	0	0	0	0	0	0	0	0	0	0	0	0	0	0	0	0	0	0	0	0	0	0	22
WP3980	0	0	0	0	0	0	0	0	0	0	0	0	0	0	0	0	0	0	0	0	0	0	0	12
WP4784	0	0	0	0	0	0	0	0	0	0	0	0	0	0	0	0	0	0	0	0	0	23	5	22
WP4917	0	0	0	0	0	0	0	0	0	0	0	0	0	0	0	0	0	0	0	0	0	2	11	78
WP5199	0	0	0	0	0	0	0	0	0	0	0	0	0	0	0	0	0	1	13	0	4	1	2	1
WP4147	0	0	0	0	0	0	0	0	0	0	0	0	0	0	0	0	0	0	0	7	0	0	0	21
WP4224	0	0	0	0	0	0	0	0	0	0	0	0	0	0	0	0	0	0	2	1	1	42	70	4
WP4792	0	0	0	0	0	0	0	0	0	0	0	0	0	0	0	0	0	0	0	0	0	28	47	0
WP4900	0	0	0	0	0	0	0	0	0	0	0	0	0	0	0	0	0	0	1	39	66	0	0	6
WP4225	0	0	0	0	0	0	0	0	0	0	0	0	0	0	0	0	0	0	5	0	0	30	49	4
WP4022	0	0	0	0	0	0	0	0	0	0	0	0	0	0	0	0	0	0	0	0	0	82	26	70
WP2435	0	0	0	0	0	0	0	0	0	0	0	0	0	0	0	0	0	0	13	6	0	2	3	21
WP3303	0	0	0	0	0	0	0	0	0	0	0	0	0	0	0	0	0	0	0	5	0	11	0	51
WP2290	0	0	0	0	0	0	0	0	0	0	0	0	0	0	0	0	0	0	0	0	0	0	0	9
WP2018	0	0	0	0	0	0	0	0	0	0	0	0	0	0	0	0	5	7	0	1	0	0	10	65
WP4969	0	0	0	0	0	0	0	0	0	0	0	0	0	0	0	0	0	0	3	6	4	8	6	31
WP4223	0	0	0	0	0	0	0	0	0	0	0	0	0	0	0	0	0	0	1	6	0	5	8	72
WP4838	0	0	0	0	0	0	0	0	0	0	0	0	0	0	0	1	4	2	12	17	59	1	3	6
WP51	0	0	0	0	0	0	0	0	0	0	0	0	0	0	0	0	4	0	0	8	0	0	0	82
WP3872	0	0	0	0	0	0	0	0	0	0	0	0	0	0	0	0	0	0	0	6	0	0	1	5
WP4240	0	0	0	0	0	0	0	0	0	0	0	0	0	0	0	1	0	0	0	1	0	2	0	4
WP3664	0	0	0	0	0	0	0	0	0	0	0	0	0	0	0	0	0	1	1	7	0	0	1	4
WP4538	0	0	0	0	0	0	0	0	0	0	0	0	0	0	0	0	0	0	78	15	29	0	9	5
WP4483	0	0	0	0	0	0	0	0	0	0	0	0	0	0	0	0	0	0	0	0	0	0	0	25
WP4756	0	0	0	0	0	0	0	0	0	0	0	0	0	0	0	0	0	0	2	2	13	9	9	1
WP4481	0	0	0	0	0	0	0	0	0	0	0	0	0	0	0	0	0	0	0	0	0	0	0	21
WP5191	0	0	0	0	0	0	0	0	0	0	0	0	0	0	0	0	0	0	1	4	1	1	2	10
WP2446	0	0	0	0	0	0	0	0	0	0	0	0	0	0	0	0	0	15	0	22	27	0	0	0
WP5188	0	0	0	0	0	0	0	0	0	0	0	0	0	0	0	0	0	0	0	0	0	14	17	6
WP4312	0	0	0	0	0	0	0	4	0	0	0	0	0	1	0	0	1	0	18	4	12	0	0	2
WP5037	0	0	0	0	0	0	0	0	0	0	0	0	0	0	1	0	2	1	0	0	0	11	22	6
WP3873	0	0	0	0	0	0	0	0	0	0	0	0	0	0	0	0	1	0	0	2	0	0	0	9
WP3943	0	0	0	0	0	0	0	0	0	0	0	0	0	0	0	0	0	0	2	1	0	0	0	4
WP4486	0	0	0	0	0	0	0	0	0	0	0	0	0	0	0	0	0	0	0	0	0	5	14	1
WP5258	0	0	0	0	0	0	0	0	0	0	0	0	0	0	0	0	0	2	0	2	0	0	13	2
WP5181	0	0	0	0	0	1	0	0	0	0	0	0	0	0	0	0	0	0	1	6	13	4	6	4
WP26	0	0	0	0	0	0	0	0	0	0	0	0	0	0	0	0	0	0	0	0	0	0	0	8
WP5065	0	0	0	0	0	0	0	0	0	0	0	0	0	0	0	0	0	0	3	2	2	0	4	1
WP4883	0	0	0	0	0	0	0	0	0	0	0	0	0	0	0	0	0	1	4	5	0	2	6	2
WP4846	0	0	0	0	0	0	0	0	0	0	0	0	0	0	0	0	0	14	7	3	3	2	18	13
WP5116	0	0	0	0	0	0	0	0	0	0	0	0	0	0	0	0	1	2	0	3	3	0	0	9
WP5039	0	0	0	0	0	0	0	0	0	0	0	0	0	0	3	0	0	5	12	12	28	0	4	6
WP5183	0	0	0	0	0	0	0	0	0	0	0	0	0	0	0	0	0	0	0	8	31	4	1	23
WP5156	0	0	0	0	0	0	0	0	0	0	0	0	0	0	0	0	0	0	0	0	4	0	1	0
WP4912	0	0	0	0	0	0	0	0	0	0	0	0	0	0	0	0	0	0	1	0	11	1	3	3
WP4030	0	0	0	0	0	0	0	0	0	0	0	0	0	0	0	0	0	0	0	0	0	0	1	26
WP5315	0	0	0	0	0	0	0	0	0	0	0	0	0	0	0	0	0	0	0	0	0	8	12	0
WP2597	0	0	0	0	0	0	0	0	0	0	0	0	0	0	0	0	0	0	0	0	4	2	1	5
WP4494	0	0	0	0	0	0	0	0	0	0	0	0	0	0	0	0	0	0	0	0	0	0	0	19
WP28	0	0	0	0	0	0	0	0	0	0	0	0	0	0	0	0	0	0	0	0	7	0	0	17
WP15	0	0	0	0	0	0	0	0	0	0	0	0	0	1	47	0	0	0	21	17	35	43	23	211
WP4688	0	0	0	0	0	0	0	0	0	0	0	0	0	0	0	0	0	0	0	0	2	9	19	0
WP3944	0	0	0	0	0	0	0	0	0	0	0	0	0	0	0	0	0	0	0	3	0	0	0	17
WP3947	0	0	0	0	0	0	0	0	0	0	0	0	0	0	0	0	0	1	0	7	3	2	0	19
WP722	0	0	0	0	0	0	0	0	0	0	0	0	0	0	3	30	0	0	49	0	26	1	1	2
WP732	0	0	0	0	0	0	0	0	0	0	0	0	0	0	22	0	0	0	0	0	0	0	0	6
WP734	0	0	0	0	0	0	0	0	0	0	0	0	0	0	32	0	0	0	0	0	0	0	0	0
WP1455	0	0	0	0	0	0	0	0	0	0	0	0	0	0	0	0	0	0	2	2	0	0	0	1
WP5151	0	0	0	0	0	0	0	0	0	0	0	0	0	0	0	0	0	0	0	0	0	7	7	1
WP4496	0	0	0	0	0	0	0	0	0	0	0	0	0	0	0	0	0	0	0	1	0	0	0	20
WP5294	0	0	0	0	0	0	0	0	0	0	0	0	0	0	0	0	4	2	1	2	5	2	2	20
WP3591	0	0	0	0	0	0	0	0	0	0	0	0	0	0	0	0	0	0	0	0	0	0	0	0
WP4658	0	0	0	0	0	0	0	0	0	0	0	0	0	0	0	0	1	7	2	6	0	2	1	25
WP247	0	0	0	0	0	0	0	0	0	0	0	0	0	0	0	0	0	0	0	0	0	0	0	15
WP5118	0	0	0	0	0	0	0	0	0	0	0	0	0	0	0	6	0	0	0	2	4	6	1	4
WP5381	0	0	0	0	0	0	0	0	0	0	0	0	0	0	0	2	0	2	45	17	29	20	16	24
WP5076	0	0	0	0	0	0	0	0	0	0	0	0	0	0	0	0	0	0	0	0	0	1	0	10
WP4814	0	0	0	0	0	0	0	0	0	0	0	0	0	0	0	0	0	0	0	4	15	0	2	0
WP4186	0	0	0	0	0	0	0	0	0	0	0	0	0	0	0	0	0	0	0	7	10	0	0	1
WP4785	0	0	0	0	0	0	0	0	0	0	0	0	0	0	0	0	0	0	0	6	9	0	0	0
WP4726	0	0	0	0	0	0	0	0	0	0	0	0	0	0	0	0	0	0	0	0	1	37	127	1
WP5121	0	0	0	0	0	0	0	0	0	0	0	0	0	0	0	0	1	0	3	7	28	14	14	1
WP4725	0	0	0	0	0	0	0	0	0	0	0	0	0	0	0	0	0	0	0	0	0	29	36	1
WP1422	0	0	0	0	0	0	0	0	0	0	0	0	0	0	0	0	0	0	0	1	0	36	32	4
WP5150	0	0	0	0	0	0	0	0	0	0	0	0	0	0	0	0	1	0	0	3	3	12	10	5
WP2431	0	0	0	0	0	0	0	0	0	0	0	0	0	0	0	0	0	0	0	14	0	0	0	58
WP4148	0	0	0	0	0	0	0	0	0	0	0	0	0	0	0	0	0	0	0	7	0	0	0	17
WP2011	0	0	0	0	0	0	0	0	0	0	0	0	0	0	0	0	3	0	0	2	0	0	0	12
WP1991	0	0	0	0	0	0	0	0	0	0	0	0	0	0	0	0	0	0	3	12	1	0	0	18
WP430	0	0	0	0	0	0	0	0	5	0	0	0	0	0	0	0	0	0	0	3	0	22	15	5
WP496	0	0	0	0	0	0	0	0	0	0	0	0	0	0	0	0	0	0	0	0	0	13	0	19
WP5277	0	0	0	0	0	0	0	0	0	0	0	0	0	0	0	0	0	0	0	0	0	15	19	2
WP1982	0	0	0	0	0	0	0	0	0	0	0	0	0	1	0	1	1	2	11	12	26	3	0	12
WP4961	0	0	0	0	0	0	0	0	0	0	0	0	0	0	0	0	0	1	2	4	1	0	5	13
WP383	0	0	0	0	0	0	0	0	0	0	0	0	0	0	0	0	0	0	0	0	0	0	0	1
WP706	0	0	0	0	0	0	0	0	0	0	0	0	0	0	0	0	5	42	1	0	0	4	0	46
WP5368	0	0	0	0	0	0	0	0	0	0	0	0	0	0	0	0	0	0	1	0	0	13	17	3
WP692	0	0	0	0	0	0	0	0	0	0	0	0	0	0	0	0	0	0	0	2	0	6	0	10
WP2542	0	0	0	0	0	0	0	0	0	0	0	0	0	0	0	0	0	0	0	0	0	5	5	0
WP4479	0	0	0	0	0	0	0	0	0	0	0	0	0	0	0	0	0	0	0	1	0	0	0	7
WP4539	0	0	0	0	0	0	0	0	0	0	0	0	0	0	0	0	0	0	1	7	0	2	0	17
WP2267	0	0	0	0	0	0	0	0	0	0	0	0	0	0	0	0	0	0	0	0	0	0	0	15
WP5194	0	0	0	0	0	0	0	0	0	0	0	0	0	0	0	0	0	0	2	0	0	27	30	0
WP5098	0	0	0	0	0	0	0	0	0	0	0	0	0	0	0	0	8	4	7	2	0	4	3	27
WP3863	0	0	0	0	0	0	0	0	0	0	0	0	0	0	0	0	0	1	0	5	0	0	0	54
WP69	0	0	0	0	0	0	0	0	0	0	0	0	0	0	0	0	1	5	0	1	0	0	0	119
WP5078	0	0	0	0	0	0	0	0	0	0	0	0	0	0	0	0	0	0	16	17	7	5	3	5
WP2583	0	0	0	0	0	0	0	0	0	0	0	0	0	0	0	0	0	4	0	6	1	0	9	31
WP691	0	0	0	0	0	0	0	0	0	0	0	0	0	0	0	0	0	0	0	4	0	19	0	27
WP5362	0	0	0	0	0	0	0	0	0	0	0	0	0	0	1	0	1	1	11	11	25	7	14	12
WP1471	0	0	0	0	0	0	0	0	0	0	0	0	0	0	0	0	10	0	0	0	0	0	0	25
WP78	0	0	0	0	0	0	0	0	0	0	0	0	0	0	0	0	0	0	0	0	0	13	45	10
WP2453	0	0	0	0	0	0	0	0	0	0	0	0	0	0	0	0	0	0	0	0	0	19	0	43
WP5050	0	0	0	0	0	0	0	0	0	0	0	0	0	0	0	0	0	0	0	7	15	4	7	0
WP2868	0	0	0	0	0	0	0	0	0	0	0	0	0	0	0	0	0	0	0	0	0	0	0	16
WP4816	0	0	0	0	0	0	0	0	0	0	0	0	0	0	0	0	11	0	4	2	0	0	0	27
WP560	0	0	0	0	0	0	0	0	0	0	0	0	0	0	0	1	11	0	4	0	0	0	0	27
WP3859	0	0	0	0	0	0	0	0	0	0	0	0	0	0	0	0	0	2	0	0	0	0	0	6
WP366	0	0	0	0	0	0	0	0	0	0	0	0	0	0	0	0	0	10	0	18	0	0	2	211
WP3674	0	0	0	0	0	0	0	0	0	0	0	0	0	0	0	0	0	0	0	5	0	0	0	5
WP5130	0	0	0	0	0	0	0	0	0	0	0	0	0	1	0	0	8	0	0	0	0	0	6	83
WP4321	0	0	0	0	0	0	0	0	0	0	0	0	0	0	0	0	0	11	4	6	0	11	0	56
WP4297	0	0	0	0	0	0	0	0	0	0	0	0	0	0	0	0	0	0	4	0	4	5	17	6
WP2203	0	0	0	0	0	0	0	0	0	0	0	0	0	0	0	0	0	7	0	0	5	0	16	44
WP5227	0	0	0	0	0	0	0	0	0	0	0	0	0	0	0	0	0	0	0	0	0	0	0	26
WP4746	0	0	0	0	0	0	0	0	0	0	0	0	0	5	1	0	6	2	44	13	88	12	6	49
WP2032	0	0	0	0	0	0	0	0	0	0	0	0	0	0	0	0	0	8	0	0	0	0	0	65
WP1981	0	0	0	0	0	0	0	0	0	0	0	0	0	0	0	0	0	0	0	0	0	1	4	27
WP3851	0	0	0	0	0	0	0	0	0	0	0	0	0	0	0	0	0	3	0	1	0	0	0	16
WP231	0	0	0	0	0	0	0	0	0	0	0	0	0	0	0	0	0	6	0	3	0	0	0	115
WP2036	0	0	0	0	0	0	0	0	0	0	0	0	0	0	0	0	2	4	0	2	0	0	0	77
WP75	0	0	0	0	0	0	0	0	0	0	0	0	0	0	0	0	0	9	0	0	0	1	0	70
WP3858	0	0	0	0	0	0	0	0	0	0	0	0	0	0	0	0	0	0	0	0	0	0	0	21
WP1742	0	0	0	0	0	0	0	0	0	0	0	0	0	0	0	0	9	0	0	0	0	0	0	18
WP2525	0	0	0	0	0	0	0	0	0	0	0	0	0	0	0	0	0	0	0	0	0	30	9	63
WP2333	0	0	0	0	0	0	0	0	0	0	0	0	0	0	0	0	0	0	0	0	0	9	4	9
WP4533	0	0	0	0	0	0	0	0	0	0	0	0	0	0	0	0	0	0	0	0	0	0	0	0
WP3599	0	0	0	0	0	0	0	0	0	0	0	0	0	0	0	0	0	0	0	5	2	0	1	16
WP1559	0	0	0	0	0	0	0	0	0	0	0	0	0	0	0	0	3	0	0	0	0	0	0	2
WP3	0	0	0	0	0	0	0	0	0	0	0	0	0	0	0	0	0	1	0	0	1	1	2	5
WP4211	0	0	0	0	0	0	0	0	0	0	0	0	0	0	0	0	0	0	0	5	10	0	0	0
WP107	0	0	0	0	0	0	0	0	0	0	0	0	0	0	0	0	3	0	0	0	0	0	0	3
WP4566	0	0	0	0	0	0	0	0	0	0	0	0	0	0	0	0	0	0	0	5	0	19	1	28
WP325	0	0	0	0	0	0	0	0	0	0	0	0	0	0	0	0	0	0	0	0	0	12	13	3
WP5300	0	0	0	0	0	0	0	0	0	0	0	0	0	2	0	0	0	31	11	18	0	0	2	58
WP4210	0	0	0	0	0	0	0	0	0	0	0	0	0	0	0	0	0	0	0	0	0	19	26	3
WP465	0	0	0	0	0	0	0	0	0	0	0	0	0	0	0	0	0	3	0	2	18	63	34	44
WP4204	0	0	0	0	0	0	0	0	0	0	0	0	0	0	0	0	0	1	0	11	0	0	0	4
WP4241	0	0	0	0	0	0	0	0	0	0	0	0	0	0	0	0	0	4	0	1	0	1	0	8
WP4786	0	0	0	0	0	0	0	0	0	0	0	0	0	1	0	0	0	0	2	1	1	17	13	3
WP4868	0	0	0	0	0	0	0	0	0	0	0	0	0	0	2	0	5	5	8	15	3	2	9	13
WP1584	0	0	0	0	0	0	0	0	0	0	0	0	0	0	0	0	0	0	0	9	0	2	0	31
WP619	0	0	0	0	0	0	0	0	0	0	0	0	0	0	0	0	0	0	0	0	0	0	0	83
WP2113	0	0	0	0	0	0	0	0	0	0	0	0	0	0	0	0	0	0	3	0	0	0	1	3
WP3945	0	0	0	0	0	0	0	0	0	0	0	0	0	0	0	0	0	0	0	0	0	0	0	59
WP4506	0	0	0	0	0	0	0	0	0	0	0	0	0	0	0	0	0	0	0	2	0	10	23	2
WP5394	0	0	0	0	0	0	0	0	0	0	0	0	0	0	0	0	0	0	0	0	0	9	24	0
WP5174	0	0	0	0	0	0	0	0	0	0	0	0	0	0	0	0	0	0	3	3	30	0	1	5
WP4284	0	0	0	0	0	0	0	0	0	0	0	0	0	0	0	0	0	0	0	3	0	0	0	1
WP4925	0	0	0	0	0	0	0	0	0	0	0	0	0	0	0	0	0	5	0	2	0	0	25	8
WP4595	0	0	0	0	0	0	0	0	0	0	0	0	0	0	0	0	0	0	0	0	1	28	41	5
WP497	0	0	0	0	0	0	0	0	0	0	0	0	0	0	0	0	0	0	0	0	0	34	6	28
WP4571	0	0	0	0	0	0	0	0	0	0	0	0	0	0	0	0	0	0	0	0	1	9	14	3
WP5158	0	0	0	0	0	0	0	1	0	0	0	0	0	0	0	0	1	21	0	0	0	0	6	72
WP3871	0	0	0	0	0	0	0	0	0	0	0	0	0	0	0	0	0	0	0	3	0	13	19	2
WP5085	0	0	0	0	0	0	0	0	0	0	0	0	0	0	0	0	0	1	0	0	0	2	0	18
WP3888	0	0	0	0	0	0	0	0	0	0	0	0	0	3	0	0	0	37	0	13	0	0	0	470
WP5397	0	0	0	0	0	0	0	0	0	0	0	0	0	0	0	0	0	0	2	0	0	0	23	2
WP716	0	0	0	0	0	0	0	0	0	0	0	0	0	0	0	0	1	0	0	1	0	8	11	27
WP4271	0	0	0	0	0	0	0	0	0	0	0	0	0	0	0	2	0	0	5	0	0	14	23	12
WP1533	0	0	0	0	0	0	0	0	0	0	0	0	0	0	0	0	0	0	19	13	37	18	32	121
WP4228	0	0	0	0	0	0	0	0	0	0	0	0	0	0	0	8	0	0	3	4	0	15	19	5
WP4698	0	0	0	0	0	0	0	0	0	0	0	0	0	0	0	0	0	2	6	5	9	4	6	19
WP4482	0	0	0	0	0	0	0	0	0	0	0	0	0	0	0	0	0	0	0	3	2	0	0	18
WP1531	0	0	0	0	0	0	0	0	0	0	0	0	0	0	0	0	0	0	2	1	3	6	2	6
WP2877	0	0	0	0	0	0	0	0	0	0	0	0	0	0	0	0	0	0	0	0	0	0	0	3
WP5186	0	0	0	0	0	0	0	0	0	0	0	0	0	0	0	0	0	0	0	2	0	8	15	1
WP4342	0	0	0	0	0	0	0	0	0	0	0	0	0	0	0	0	0	0	4	0	0	0	11	6
WP5216	0	0	0	0	0	0	0	0	0	0	0	0	0	0	0	21	2	4	1	1	0	8	0	22
WP4149	0	0	0	0	0	0	0	0	0	0	0	0	0	0	0	0	0	0	0	11	0	0	0	40
WP3658	0	0	0	0	0	0	0	0	0	0	0	0	0	0	0	0	0	0	1	4	9	0	0	5
WP4150	0	0	0	0	0	0	0	0	0	0	0	0	0	0	0	0	1	0	0	1	0	0	0	12
WP399	0	0	0	0	0	0	0	0	0	0	0	0	0	0	0	0	0	0	0	12	5	0	0	28
WP363	0	0	0	0	0	0	0	0	0	0	0	0	0	0	0	0	1	5	0	2	0	0	0	36
WP428	0	0	0	0	0	0	0	0	0	0	0	0	0	0	0	0	0	1	3	17	0	2	0	23
WP3529	0	0	0	0	0	0	0	0	0	0	0	0	0	0	0	0	0	1	1	0	1	0	3	39
